{
  "count": 20,
  "uniques": 17,
  "clones": [
    {
      "timestamp": "2024-03-17T00:00:00Z",
      "count": 3,
      "uniques": 1
    },
    {
      "timestamp": "2024-03-18T00:00:00Z",
      "count": 1,
      "uniques": 1
    },
    {
      "timestamp": "2024-03-19T00:00:00Z",
      "count": 1,
      "uniques": 1
    },
    {
      "timestamp": "2024-03-20T00:00:00Z",
      "count": 2,
      "uniques": 2
    },
    {
      "timestamp": "2024-03-22T00:00:00Z",
      "count": 2,
      "uniques": 2
    },
    {
      "timestamp": "2024-03-25T00:00:00Z",
      "count": 3,
      "uniques": 2
    },
    {
      "timestamp": "2024-03-27T00:00:00Z",
      "count": 2,
      "uniques": 2
    },
    {
      "timestamp": "2024-03-28T00:00:00Z",
      "count": 2,
      "uniques": 2
    },
    {
      "timestamp": "2024-03-29T00:00:00Z",
      "count": 4,
      "uniques": 4
    }
  ]
}
