[
  {
    "path": "/alejandrosantanabonilla/pysoftk",
    "title": "GitHub - alejandrosantanabonilla/pysoftk: Python program for modelling and si...",
    "count": 38,
    "uniques": 12
  },
  {
    "path": "/alejandrosantanabonilla/pysoftk/tree/main/pysoftk",
    "title": "pysoftk/pysoftk at main · alejandrosantanabonilla/pysoftk · GitHub",
    "count": 10,
    "uniques": 3
  },
  {
    "path": "/alejandrosantanabonilla/pysoftk/pulls",
    "title": "Pull requests · alejandrosantanabonilla/pysoftk",
    "count": 10,
    "uniques": 2
  },
  {
    "path": "/alejandrosantanabonilla/pysoftk/tree/main/docs",
    "title": "pysoftk/docs at main · alejandrosantanabonilla/pysoftk · GitHub",
    "count": 8,
    "uniques": 4
  },
  {
    "path": "/alejandrosantanabonilla/pysoftk/tree/main/.github/workflows",
    "title": "pysoftk/.github/workflows at main · alejandrosantanabonilla/pysoftk · GitHub",
    "count": 8,
    "uniques": 3
  },
  {
    "path": "/alejandrosantanabonilla/pysoftk/tree/new_analysis",
    "title": "alejandrosantanabonilla/pysoftk at new_analysis",
    "count": 7,
    "uniques": 2
  },
  {
    "path": "/alejandrosantanabonilla/pysoftk/blob/main/README.md",
    "title": "pysoftk/README.md at main · alejandrosantanabonilla/pysoftk · GitHub",
    "count": 6,
    "uniques": 1
  },
  {
    "path": "/alejandrosantanabonilla/pysoftk/tree/new_analysis/pysoftk",
    "title": "pysoftk/pysoftk at new_analysis · alejandrosantanabonilla/pysoftk",
    "count": 6,
    "uniques": 1
  },
  {
    "path": "/alejandrosantanabonilla/pysoftk/compare",
    "title": "Compare · alejandrosantanabonilla/pysoftk",
    "count": 5,
    "uniques": 2
  },
  {
    "path": "/alejandrosantanabonilla/pysoftk/compare/main...new_analysis",
    "title": "Comparing main...new_analysis · alejandrosantanabonilla/pysoftk",
    "count": 5,
    "uniques": 2
  }
]
