{
  "count": 190,
  "uniques": 14,
  "views": [
    {
      "timestamp": "2024-03-16T00:00:00Z",
      "count": 1,
      "uniques": 1
    },
    {
      "timestamp": "2024-03-17T00:00:00Z",
      "count": 18,
      "uniques": 1
    },
    {
      "timestamp": "2024-03-18T00:00:00Z",
      "count": 5,
      "uniques": 2
    },
    {
      "timestamp": "2024-03-19T00:00:00Z",
      "count": 8,
      "uniques": 5
    },
    {
      "timestamp": "2024-03-20T00:00:00Z",
      "count": 1,
      "uniques": 1
    },
    {
      "timestamp": "2024-03-21T00:00:00Z",
      "count": 11,
      "uniques": 2
    },
    {
      "timestamp": "2024-03-25T00:00:00Z",
      "count": 97,
      "uniques": 2
    },
    {
      "timestamp": "2024-03-26T00:00:00Z",
      "count": 8,
      "uniques": 2
    },
    {
      "timestamp": "2024-03-27T00:00:00Z",
      "count": 13,
      "uniques": 2
    },
    {
      "timestamp": "2024-03-28T00:00:00Z",
      "count": 28,
      "uniques": 3
    }
  ]
}
