{
  "count": 12,
  "uniques": 8,
  "clones": [
    {
      "timestamp": "2025-01-31T00:00:00Z",
      "count": 2,
      "uniques": 1
    },
    {
      "timestamp": "2025-02-02T00:00:00Z",
      "count": 1,
      "uniques": 1
    },
    {
      "timestamp": "2025-02-03T00:00:00Z",
      "count": 1,
      "uniques": 1
    },
    {
      "timestamp": "2025-02-05T00:00:00Z",
      "count": 2,
      "uniques": 1
    },
    {
      "timestamp": "2025-02-10T00:00:00Z",
      "count": 1,
      "uniques": 1
    },
    {
      "timestamp": "2025-02-12T00:00:00Z",
      "count": 1,
      "uniques": 1
    },
    {
      "timestamp": "2025-02-13T00:00:00Z",
      "count": 4,
      "uniques": 3
    }
  ]
}
