[
  {
    "path": "/alejandrosantanabonilla/pysoftk",
    "title": "GitHub - alejandrosantanabonilla/pysoftk: Python program for modelling and si...",
    "count": 48,
    "uniques": 31
  },
  {
    "path": "/alejandrosantanabonilla/pysoftk/tree/main/pysoftk",
    "title": "pysoftk/pysoftk at main · alejandrosantanabonilla/pysoftk · GitHub",
    "count": 26,
    "uniques": 8
  },
  {
    "path": "/alejandrosantanabonilla/pysoftk/tree/main",
    "title": "pysoftk/ at main · alejandrosantanabonilla/pysoftk",
    "count": 12,
    "uniques": 5
  },
  {
    "path": "/alejandrosantanabonilla/pysoftk/tree/main/pysoftk/linear_polymer",
    "title": "pysoftk/pysoftk/linear_polymer at main · alejandrosantanabonilla/pysoftk · Gi...",
    "count": 12,
    "uniques": 5
  },
  {
    "path": "/alejandrosantanabonilla/pysoftk/tree/main/pol_analysis_tutorials",
    "title": "pysoftk/pol_analysis_tutorials at main · alejandrosantanabonilla/pysoftk · Gi...",
    "count": 11,
    "uniques": 6
  },
  {
    "path": "/alejandrosantanabonilla/pysoftk/blob/main/pysoftk/linear_polymer/linear_polymer.py",
    "title": "pysoftk/pysoftk/linear_polymer/linear_polymer.py at main · alejandrosantanabo...",
    "count": 6,
    "uniques": 4
  },
  {
    "path": "/alejandrosantanabonilla/pysoftk/blob/main/pol_analysis_tutorials/RSA_tutorial.ipynb",
    "title": "pysoftk/pol_analysis_tutorials/RSA_tutorial.ipynb at main · alejandrosantanab...",
    "count": 5,
    "uniques": 4
  },
  {
    "path": "/alejandrosantanabonilla/pysoftk/blob/main/pysoftk/format_printers/format_mol.py",
    "title": "pysoftk/pysoftk/format_printers/format_mol.py at main · alejandrosantanabonil...",
    "count": 5,
    "uniques": 2
  },
  {
    "path": "/alejandrosantanabonilla/pysoftk/tree/main/pysoftk/format_printers",
    "title": "pysoftk/pysoftk/format_printers at main · alejandrosantanabonilla/pysoftk · G...",
    "count": 5,
    "uniques": 2
  },
  {
    "path": "/alejandrosantanabonilla/pysoftk/blob/main/pol_analysis_tutorials/spherical_density_tutorial.ipynb",
    "title": "pysoftk/pol_analysis_tutorials/spherical_density_tutorial.ipynb at main · ale...",
    "count": 4,
    "uniques": 4
  }
]
