{
  "count": 241,
  "uniques": 40,
  "views": [
    {
      "timestamp": "2025-02-01T00:00:00Z",
      "count": 1,
      "uniques": 1
    },
    {
      "timestamp": "2025-02-02T00:00:00Z",
      "count": 1,
      "uniques": 1
    },
    {
      "timestamp": "2025-02-03T00:00:00Z",
      "count": 1,
      "uniques": 1
    },
    {
      "timestamp": "2025-02-04T00:00:00Z",
      "count": 16,
      "uniques": 2
    },
    {
      "timestamp": "2025-02-05T00:00:00Z",
      "count": 31,
      "uniques": 6
    },
    {
      "timestamp": "2025-02-06T00:00:00Z",
      "count": 22,
      "uniques": 1
    },
    {
      "timestamp": "2025-02-07T00:00:00Z",
      "count": 26,
      "uniques": 2
    },
    {
      "timestamp": "2025-02-08T00:00:00Z",
      "count": 11,
      "uniques": 3
    },
    {
      "timestamp": "2025-02-10T00:00:00Z",
      "count": 21,
      "uniques": 3
    },
    {
      "timestamp": "2025-02-11T00:00:00Z",
      "count": 7,
      "uniques": 4
    },
    {
      "timestamp": "2025-02-12T00:00:00Z",
      "count": 65,
      "uniques": 20
    },
    {
      "timestamp": "2025-02-13T00:00:00Z",
      "count": 39,
      "uniques": 5
    }
  ]
}
