{
  "count": 15,
  "uniques": 7,
  "clones": [
    {
      "timestamp": "2024-06-17T00:00:00Z",
      "count": 8,
      "uniques": 3
    },
    {
      "timestamp": "2024-06-18T00:00:00Z",
      "count": 1,
      "uniques": 1
    },
    {
      "timestamp": "2024-06-21T00:00:00Z",
      "count": 1,
      "uniques": 1
    },
    {
      "timestamp": "2024-06-23T00:00:00Z",
      "count": 1,
      "uniques": 1
    },
    {
      "timestamp": "2024-06-24T00:00:00Z",
      "count": 2,
      "uniques": 2
    },
    {
      "timestamp": "2024-06-25T00:00:00Z",
      "count": 2,
      "uniques": 2
    }
  ]
}
