[
  {
    "path": "/alejandrosantanabonilla/pysoftk/commits/main",
    "title": "Commits · alejandrosantanabonilla/pysoftk · GitHub",
    "count": 88,
    "uniques": 4
  },
  {
    "path": "/alejandrosantanabonilla/pysoftk",
    "title": "GitHub - alejandrosantanabonilla/pysoftk: Python program for modelling and si...",
    "count": 26,
    "uniques": 13
  },
  {
    "path": "/alejandrosantanabonilla/pysoftk/tree/main/pysoftk",
    "title": "pysoftk/pysoftk at main · alejandrosantanabonilla/pysoftk",
    "count": 20,
    "uniques": 3
  },
  {
    "path": "/alejandrosantanabonilla/pysoftk/tree/main/test/test_pysoftk",
    "title": "pysoftk/test/test_pysoftk at main · alejandrosantanabonilla/pysoftk",
    "count": 12,
    "uniques": 1
  },
  {
    "path": "/alejandrosantanabonilla/pysoftk/blob/main/setup.py",
    "title": "pysoftk/setup.py at main · alejandrosantanabonilla/pysoftk",
    "count": 11,
    "uniques": 2
  },
  {
    "path": "/alejandrosantanabonilla/pysoftk/blob/main/test/test_pysoftk/test_patterned.py",
    "title": "pysoftk/test/test_pysoftk/test_patterned.py at main · alejandrosantanabonilla...",
    "count": 8,
    "uniques": 1
  },
  {
    "path": "/alejandrosantanabonilla/pysoftk/tree/main",
    "title": "alejandrosantanabonilla/pysoftk: Python program for modelling and simulating ...",
    "count": 7,
    "uniques": 2
  },
  {
    "path": "/alejandrosantanabonilla/pysoftk/tree/main/pol_analysis_tutorials",
    "title": "pysoftk/pol_analysis_tutorials at main · alejandrosantanabonilla/pysoftk",
    "count": 7,
    "uniques": 2
  },
  {
    "path": "/alejandrosantanabonilla/pysoftk/tree/main/test",
    "title": "pysoftk/test at main · alejandrosantanabonilla/pysoftk",
    "count": 7,
    "uniques": 1
  },
  {
    "path": "/alejandrosantanabonilla/pysoftk/blob/main/README.md",
    "title": "pysoftk/README.md at main · alejandrosantanabonilla/pysoftk · GitHub",
    "count": 6,
    "uniques": 3
  }
]
