{
  "count": 263,
  "uniques": 19,
  "views": [
    {
      "timestamp": "2024-06-16T00:00:00Z",
      "count": 2,
      "uniques": 1
    },
    {
      "timestamp": "2024-06-17T00:00:00Z",
      "count": 23,
      "uniques": 1
    },
    {
      "timestamp": "2024-06-18T00:00:00Z",
      "count": 9,
      "uniques": 2
    },
    {
      "timestamp": "2024-06-19T00:00:00Z",
      "count": 1,
      "uniques": 1
    },
    {
      "timestamp": "2024-06-20T00:00:00Z",
      "count": 2,
      "uniques": 1
    },
    {
      "timestamp": "2024-06-21T00:00:00Z",
      "count": 3,
      "uniques": 2
    },
    {
      "timestamp": "2024-06-23T00:00:00Z",
      "count": 2,
      "uniques": 1
    },
    {
      "timestamp": "2024-06-24T00:00:00Z",
      "count": 93,
      "uniques": 2
    },
    {
      "timestamp": "2024-06-25T00:00:00Z",
      "count": 18,
      "uniques": 2
    },
    {
      "timestamp": "2024-06-26T00:00:00Z",
      "count": 10,
      "uniques": 5
    },
    {
      "timestamp": "2024-06-27T00:00:00Z",
      "count": 50,
      "uniques": 4
    },
    {
      "timestamp": "2024-06-28T00:00:00Z",
      "count": 49,
      "uniques": 5
    },
    {
      "timestamp": "2024-06-29T00:00:00Z",
      "count": 1,
      "uniques": 1
    }
  ]
}
