{
  "count": 16,
  "uniques": 14,
  "clones": [
    {
      "timestamp": "2024-01-31T00:00:00Z",
      "count": 3,
      "uniques": 3
    },
    {
      "timestamp": "2024-02-02T00:00:00Z",
      "count": 1,
      "uniques": 1
    },
    {
      "timestamp": "2024-02-03T00:00:00Z",
      "count": 1,
      "uniques": 1
    },
    {
      "timestamp": "2024-02-04T00:00:00Z",
      "count": 1,
      "uniques": 1
    },
    {
      "timestamp": "2024-02-05T00:00:00Z",
      "count": 6,
      "uniques": 4
    },
    {
      "timestamp": "2024-02-06T00:00:00Z",
      "count": 1,
      "uniques": 1
    },
    {
      "timestamp": "2024-02-07T00:00:00Z",
      "count": 1,
      "uniques": 1
    },
    {
      "timestamp": "2024-02-13T00:00:00Z",
      "count": 2,
      "uniques": 2
    }
  ]
}
