[
  {
    "path": "/alejandrosantanabonilla/pysoftk",
    "title": "GitHub - alejandrosantanabonilla/pysoftk: Python program for modelling and si...",
    "count": 28,
    "uniques": 16
  },
  {
    "path": "/alejandrosantanabonilla/pysoftk/blob/main/pysoftk/htp_tools/calculator_htp.py",
    "title": "pysoftk/pysoftk/htp_tools/calculator_htp.py at main · alejandrosantanabonilla...",
    "count": 6,
    "uniques": 1
  },
  {
    "path": "/alejandrosantanabonilla/pysoftk/blob/main/README.md",
    "title": "pysoftk/README.md at main · alejandrosantanabonilla/pysoftk",
    "count": 4,
    "uniques": 1
  },
  {
    "path": "/alejandrosantanabonilla/pysoftk/issues",
    "title": "Issues · alejandrosantanabonilla/pysoftk",
    "count": 3,
    "uniques": 2
  },
  {
    "path": "/alejandrosantanabonilla/pysoftk/issues/4",
    "title": "pytest failed · Issue #4 · alejandrosantanabonilla/pysoftk",
    "count": 3,
    "uniques": 1
  },
  {
    "path": "/alejandrosantanabonilla/pysoftk/tree/main/test",
    "title": "pysoftk/test at main · alejandrosantanabonilla/pysoftk",
    "count": 3,
    "uniques": 1
  },
  {
    "path": "/alejandrosantanabonilla/pysoftk/blob/71d0e067ed7606118a1cdf8617b038f885ff0e18/setup.py",
    "title": "pysoftk/setup.py at 71d0e067ed7606118a1cdf8617b038f885ff0e18 · alejandrosanta...",
    "count": 2,
    "uniques": 1
  },
  {
    "path": "/alejandrosantanabonilla/pysoftk/blob/main/pysoftk/topologies/ring.py",
    "title": "pysoftk/pysoftk/topologies/ring.py at main · alejandrosantanabonilla/pysoftk",
    "count": 2,
    "uniques": 1
  },
  {
    "path": "/alejandrosantanabonilla/pysoftk/blob/main/test/test_chains_func.py",
    "title": "pysoftk/test/test_chains_func.py at main · alejandrosantanabonilla/pysoftk",
    "count": 2,
    "uniques": 1
  },
  {
    "path": "/alejandrosantanabonilla/pysoftk/issues/5",
    "title": "Failed linear polymerization with Agarose monomer and large, flexible molecul...",
    "count": 2,
    "uniques": 1
  }
]
