{
  "count": 71,
  "uniques": 18,
  "views": [
    {
      "timestamp": "2024-01-31T00:00:00Z",
      "count": 9,
      "uniques": 2
    },
    {
      "timestamp": "2024-02-01T00:00:00Z",
      "count": 13,
      "uniques": 2
    },
    {
      "timestamp": "2024-02-02T00:00:00Z",
      "count": 2,
      "uniques": 1
    },
    {
      "timestamp": "2024-02-03T00:00:00Z",
      "count": 5,
      "uniques": 1
    },
    {
      "timestamp": "2024-02-05T00:00:00Z",
      "count": 6,
      "uniques": 2
    },
    {
      "timestamp": "2024-02-06T00:00:00Z",
      "count": 4,
      "uniques": 4
    },
    {
      "timestamp": "2024-02-07T00:00:00Z",
      "count": 8,
      "uniques": 4
    },
    {
      "timestamp": "2024-02-08T00:00:00Z",
      "count": 16,
      "uniques": 6
    },
    {
      "timestamp": "2024-02-09T00:00:00Z",
      "count": 3,
      "uniques": 1
    },
    {
      "timestamp": "2024-02-10T00:00:00Z",
      "count": 2,
      "uniques": 1
    },
    {
      "timestamp": "2024-02-12T00:00:00Z",
      "count": 2,
      "uniques": 1
    },
    {
      "timestamp": "2024-02-13T00:00:00Z",
      "count": 1,
      "uniques": 1
    }
  ]
}
