{
  "count": 68,
  "uniques": 7,
  "clones": [
    {
      "timestamp": "2023-04-17T00:00:00Z",
      "count": 2,
      "uniques": 2
    },
    {
      "timestamp": "2023-04-18T00:00:00Z",
      "count": 53,
      "uniques": 4
    },
    {
      "timestamp": "2023-04-19T00:00:00Z",
      "count": 1,
      "uniques": 1
    },
    {
      "timestamp": "2023-04-24T00:00:00Z",
      "count": 1,
      "uniques": 1
    },
    {
      "timestamp": "2023-04-25T00:00:00Z",
      "count": 6,
      "uniques": 1
    },
    {
      "timestamp": "2023-04-26T00:00:00Z",
      "count": 3,
      "uniques": 1
    },
    {
      "timestamp": "2023-04-27T00:00:00Z",
      "count": 2,
      "uniques": 1
    }
  ]
}
