[
  {
    "path": "/alejandrosantanabonilla/pysoftk",
    "title": "GitHub - alejandrosantanabonilla/pysoftk: Python program for modelling and si...",
    "count": 52,
    "uniques": 14
  },
  {
    "path": "/alejandrosantanabonilla/pysoftk/tree/main/pysoftk",
    "title": "pysoftk/pysoftk at main · alejandrosantanabonilla/pysoftk · GitHub",
    "count": 24,
    "uniques": 4
  },
  {
    "path": "/alejandrosantanabonilla/pysoftk/tree/main/pysoftk/topologies",
    "title": "pysoftk/pysoftk/topologies at main · alejandrosantanabonilla/pysoftk",
    "count": 20,
    "uniques": 1
  },
  {
    "path": "/alejandrosantanabonilla/pysoftk/tree/main/test",
    "title": "pysoftk/test at main · alejandrosantanabonilla/pysoftk",
    "count": 14,
    "uniques": 1
  },
  {
    "path": "/alejandrosantanabonilla/pysoftk/tree/main/pysoftk/linear_polymer",
    "title": "pysoftk/pysoftk/linear_polymer at main · alejandrosantanabonilla/pysoftk · Gi...",
    "count": 10,
    "uniques": 2
  },
  {
    "path": "/alejandrosantanabonilla/pysoftk/actions/workflows/pyci.yml",
    "title": "Actions · alejandrosantanabonilla/pysoftk",
    "count": 9,
    "uniques": 1
  },
  {
    "path": "/alejandrosantanabonilla/pysoftk/blob/main/test/test_patterned.py",
    "title": "pysoftk/test_patterned.py at main · alejandrosantanabonilla/pysoftk",
    "count": 9,
    "uniques": 1
  },
  {
    "path": "/alejandrosantanabonilla/pysoftk/actions",
    "title": "Actions · alejandrosantanabonilla/pysoftk",
    "count": 7,
    "uniques": 1
  },
  {
    "path": "/alejandrosantanabonilla/pysoftk/blob/main/pysoftk/topologies/diblock.py",
    "title": "pysoftk/diblock.py at main · alejandrosantanabonilla/pysoftk",
    "count": 7,
    "uniques": 1
  },
  {
    "path": "/alejandrosantanabonilla/pysoftk/blob/main/pysoftk/topologies/ranpol.py",
    "title": "pysoftk/ranpol.py at main · alejandrosantanabonilla/pysoftk",
    "count": 7,
    "uniques": 1
  }
]
