{
  "count": 230,
  "uniques": 16,
  "views": [
    {
      "timestamp": "2023-04-16T00:00:00Z",
      "count": 5,
      "uniques": 1
    },
    {
      "timestamp": "2023-04-17T00:00:00Z",
      "count": 11,
      "uniques": 3
    },
    {
      "timestamp": "2023-04-18T00:00:00Z",
      "count": 169,
      "uniques": 5
    },
    {
      "timestamp": "2023-04-19T00:00:00Z",
      "count": 10,
      "uniques": 3
    },
    {
      "timestamp": "2023-04-20T00:00:00Z",
      "count": 4,
      "uniques": 2
    },
    {
      "timestamp": "2023-04-22T00:00:00Z",
      "count": 1,
      "uniques": 1
    },
    {
      "timestamp": "2023-04-23T00:00:00Z",
      "count": 4,
      "uniques": 1
    },
    {
      "timestamp": "2023-04-24T00:00:00Z",
      "count": 6,
      "uniques": 2
    },
    {
      "timestamp": "2023-04-25T00:00:00Z",
      "count": 2,
      "uniques": 1
    },
    {
      "timestamp": "2023-04-26T00:00:00Z",
      "count": 13,
      "uniques": 5
    },
    {
      "timestamp": "2023-04-27T00:00:00Z",
      "count": 1,
      "uniques": 1
    },
    {
      "timestamp": "2023-04-28T00:00:00Z",
      "count": 2,
      "uniques": 1
    },
    {
      "timestamp": "2023-04-29T00:00:00Z",
      "count": 2,
      "uniques": 1
    }
  ]
}
