{
  "count": 22,
  "uniques": 12,
  "clones": [
    {
      "timestamp": "2023-10-16T00:00:00Z",
      "count": 3,
      "uniques": 1
    },
    {
      "timestamp": "2023-10-18T00:00:00Z",
      "count": 1,
      "uniques": 1
    },
    {
      "timestamp": "2023-10-19T00:00:00Z",
      "count": 1,
      "uniques": 1
    },
    {
      "timestamp": "2023-10-20T00:00:00Z",
      "count": 3,
      "uniques": 2
    },
    {
      "timestamp": "2023-10-23T00:00:00Z",
      "count": 1,
      "uniques": 1
    },
    {
      "timestamp": "2023-10-25T00:00:00Z",
      "count": 4,
      "uniques": 2
    },
    {
      "timestamp": "2023-10-26T00:00:00Z",
      "count": 4,
      "uniques": 2
    },
    {
      "timestamp": "2023-10-27T00:00:00Z",
      "count": 2,
      "uniques": 1
    },
    {
      "timestamp": "2023-10-29T00:00:00Z",
      "count": 1,
      "uniques": 1
    },
    {
      "timestamp": "2023-10-30T00:00:00Z",
      "count": 2,
      "uniques": 2
    }
  ]
}
