[
  {
    "path": "/alejandrosantanabonilla/pysoftk",
    "title": "GitHub - alejandrosantanabonilla/pysoftk: Python program for modelling and si...",
    "count": 37,
    "uniques": 18
  },
  {
    "path": "/alejandrosantanabonilla/pysoftk/blob/main/README.md",
    "title": "pysoftk/README.md at main · alejandrosantanabonilla/pysoftk · GitHub",
    "count": 14,
    "uniques": 5
  },
  {
    "path": "/alejandrosantanabonilla/pysoftk/tree/main",
    "title": "pysoftk/ at main · alejandrosantanabonilla/pysoftk · GitHub",
    "count": 9,
    "uniques": 3
  },
  {
    "path": "/alejandrosantanabonilla/pysoftk/tree/main/pysoftk",
    "title": "pysoftk/pysoftk at main · alejandrosantanabonilla/pysoftk · GitHub",
    "count": 9,
    "uniques": 2
  },
  {
    "path": "/alejandrosantanabonilla/pysoftk/tree/main/.github/workflows",
    "title": "pysoftk/.github/workflows at main · alejandrosantanabonilla/pysoftk",
    "count": 7,
    "uniques": 2
  },
  {
    "path": "/alejandrosantanabonilla/pysoftk/tree/main/test",
    "title": "pysoftk/test at main · alejandrosantanabonilla/pysoftk · GitHub",
    "count": 6,
    "uniques": 3
  },
  {
    "path": "/alejandrosantanabonilla/pysoftk/tree/main/docs",
    "title": "pysoftk/docs at main · alejandrosantanabonilla/pysoftk · GitHub",
    "count": 6,
    "uniques": 2
  },
  {
    "path": "/alejandrosantanabonilla/pysoftk/blob/main/.github/workflows/pyci.yml",
    "title": "pysoftk/.github/workflows/pyci.yml at main · alejandrosantanabonilla/pysoftk",
    "count": 4,
    "uniques": 1
  },
  {
    "path": "/alejandrosantanabonilla/pysoftk/blob/main/setup.py",
    "title": "pysoftk/setup.py at main · alejandrosantanabonilla/pysoftk · GitHub",
    "count": 3,
    "uniques": 1
  },
  {
    "path": "/alejandrosantanabonilla/pysoftk/tree/main/docs/source",
    "title": "pysoftk/docs/source at main · alejandrosantanabonilla/pysoftk · GitHub",
    "count": 3,
    "uniques": 1
  }
]
