{
  "count": 129,
  "uniques": 23,
  "views": [
    {
      "timestamp": "2023-10-16T00:00:00Z",
      "count": 15,
      "uniques": 2
    },
    {
      "timestamp": "2023-10-17T00:00:00Z",
      "count": 14,
      "uniques": 4
    },
    {
      "timestamp": "2023-10-18T00:00:00Z",
      "count": 2,
      "uniques": 2
    },
    {
      "timestamp": "2023-10-19T00:00:00Z",
      "count": 3,
      "uniques": 2
    },
    {
      "timestamp": "2023-10-20T00:00:00Z",
      "count": 25,
      "uniques": 5
    },
    {
      "timestamp": "2023-10-22T00:00:00Z",
      "count": 1,
      "uniques": 1
    },
    {
      "timestamp": "2023-10-23T00:00:00Z",
      "count": 13,
      "uniques": 4
    },
    {
      "timestamp": "2023-10-24T00:00:00Z",
      "count": 3,
      "uniques": 2
    },
    {
      "timestamp": "2023-10-25T00:00:00Z",
      "count": 15,
      "uniques": 4
    },
    {
      "timestamp": "2023-10-26T00:00:00Z",
      "count": 6,
      "uniques": 4
    },
    {
      "timestamp": "2023-10-27T00:00:00Z",
      "count": 31,
      "uniques": 3
    },
    {
      "timestamp": "2023-10-29T00:00:00Z",
      "count": 1,
      "uniques": 1
    }
  ]
}
