{
  "count": 64,
  "uniques": 22,
  "clones": [
    {
      "timestamp": "2022-11-29T00:00:00Z",
      "count": 16,
      "uniques": 5
    },
    {
      "timestamp": "2022-11-30T00:00:00Z",
      "count": 21,
      "uniques": 6
    },
    {
      "timestamp": "2022-12-01T00:00:00Z",
      "count": 8,
      "uniques": 6
    },
    {
      "timestamp": "2022-12-05T00:00:00Z",
      "count": 8,
      "uniques": 5
    },
    {
      "timestamp": "2022-12-06T00:00:00Z",
      "count": 6,
      "uniques": 3
    },
    {
      "timestamp": "2022-12-07T00:00:00Z",
      "count": 5,
      "uniques": 4
    }
  ]
}
