{
  "count": 174,
  "uniques": 8,
  "views": [
    {
      "timestamp": "2022-11-28T00:00:00Z",
      "count": 9,
      "uniques": 3
    },
    {
      "timestamp": "2022-11-29T00:00:00Z",
      "count": 33,
      "uniques": 1
    },
    {
      "timestamp": "2022-11-30T00:00:00Z",
      "count": 43,
      "uniques": 2
    },
    {
      "timestamp": "2022-12-01T00:00:00Z",
      "count": 22,
      "uniques": 1
    },
    {
      "timestamp": "2022-12-02T00:00:00Z",
      "count": 8,
      "uniques": 1
    },
    {
      "timestamp": "2022-12-05T00:00:00Z",
      "count": 26,
      "uniques": 3
    },
    {
      "timestamp": "2022-12-06T00:00:00Z",
      "count": 17,
      "uniques": 3
    },
    {
      "timestamp": "2022-12-07T00:00:00Z",
      "count": 15,
      "uniques": 1
    },
    {
      "timestamp": "2022-12-08T00:00:00Z",
      "count": 1,
      "uniques": 1
    }
  ]
}
