{
  "count": 24,
  "uniques": 11,
  "clones": [
    {
      "timestamp": "2023-01-16T00:00:00Z",
      "count": 1,
      "uniques": 1
    },
    {
      "timestamp": "2023-01-20T00:00:00Z",
      "count": 1,
      "uniques": 1
    },
    {
      "timestamp": "2023-01-22T00:00:00Z",
      "count": 1,
      "uniques": 1
    },
    {
      "timestamp": "2023-01-23T00:00:00Z",
      "count": 20,
      "uniques": 7
    },
    {
      "timestamp": "2023-01-24T00:00:00Z",
      "count": 1,
      "uniques": 1
    }
  ]
}
