[
  {
    "path": "/alejandrosantanabonilla/pysoftk",
    "title": "GitHub - alejandrosantanabonilla/pysoftk: Python program for modelling and si...",
    "count": 62,
    "uniques": 31
  },
  {
    "path": "/alejandrosantanabonilla/pysoftk/tree/main/pysoftk",
    "title": "pysoftk/pysoftk at main · alejandrosantanabonilla/pysoftk",
    "count": 19,
    "uniques": 9
  },
  {
    "path": "/alejandrosantanabonilla/pysoftk/tree/main/pysoftk/linear_polymer",
    "title": "pysoftk/pysoftk/linear_polymer at main · alejandrosantanabonilla/pysoftk · Gi...",
    "count": 12,
    "uniques": 7
  },
  {
    "path": "/alejandrosantanabonilla/pysoftk/blob/main/pysoftk/linear_polymer/linear_polymer.py",
    "title": "pysoftk/linear_polymer.py at main · alejandrosantanabonilla/pysoftk",
    "count": 9,
    "uniques": 5
  },
  {
    "path": "/alejandrosantanabonilla/pysoftk/tree/main/pysoftk/topologies",
    "title": "pysoftk/pysoftk/topologies at main · alejandrosantanabonilla/pysoftk · GitHub",
    "count": 6,
    "uniques": 3
  },
  {
    "path": "/alejandrosantanabonilla/pysoftk/graphs/traffic",
    "title": "Traffic · alejandrosantanabonilla/pysoftk",
    "count": 6,
    "uniques": 1
  },
  {
    "path": "/alejandrosantanabonilla/pysoftk/pulse",
    "title": "Pulse · alejandrosantanabonilla/pysoftk",
    "count": 6,
    "uniques": 1
  },
  {
    "path": "/alejandrosantanabonilla/pysoftk/tree/main/docs",
    "title": "pysoftk/docs at main · alejandrosantanabonilla/pysoftk · GitHub",
    "count": 5,
    "uniques": 4
  },
  {
    "path": "/alejandrosantanabonilla/pysoftk/blob/main/pysoftk/linear_polymer/super_monomer.py",
    "title": "pysoftk/super_monomer.py at main · alejandrosantanabonilla/pysoftk · GitHub",
    "count": 5,
    "uniques": 3
  },
  {
    "path": "/alejandrosantanabonilla/pysoftk/blob/main/pysoftk/topologies/diblock.py",
    "title": "pysoftk/diblock.py at main · alejandrosantanabonilla/pysoftk · GitHub",
    "count": 5,
    "uniques": 2
  }
]
