{
  "count": 220,
  "uniques": 33,
  "views": [
    {
      "timestamp": "2023-01-16T00:00:00Z",
      "count": 1,
      "uniques": 1
    },
    {
      "timestamp": "2023-01-17T00:00:00Z",
      "count": 13,
      "uniques": 1
    },
    {
      "timestamp": "2023-01-18T00:00:00Z",
      "count": 8,
      "uniques": 4
    },
    {
      "timestamp": "2023-01-19T00:00:00Z",
      "count": 69,
      "uniques": 15
    },
    {
      "timestamp": "2023-01-20T00:00:00Z",
      "count": 2,
      "uniques": 1
    },
    {
      "timestamp": "2023-01-21T00:00:00Z",
      "count": 9,
      "uniques": 2
    },
    {
      "timestamp": "2023-01-22T00:00:00Z",
      "count": 9,
      "uniques": 2
    },
    {
      "timestamp": "2023-01-23T00:00:00Z",
      "count": 70,
      "uniques": 5
    },
    {
      "timestamp": "2023-01-24T00:00:00Z",
      "count": 10,
      "uniques": 3
    },
    {
      "timestamp": "2023-01-25T00:00:00Z",
      "count": 11,
      "uniques": 4
    },
    {
      "timestamp": "2023-01-26T00:00:00Z",
      "count": 13,
      "uniques": 2
    },
    {
      "timestamp": "2023-01-27T00:00:00Z",
      "count": 5,
      "uniques": 5
    }
  ]
}
