{
  "count": 148,
  "uniques": 23,
  "views": [
    {
      "timestamp": "2024-07-16T00:00:00Z",
      "count": 9,
      "uniques": 4
    },
    {
      "timestamp": "2024-07-17T00:00:00Z",
      "count": 1,
      "uniques": 1
    },
    {
      "timestamp": "2024-07-18T00:00:00Z",
      "count": 1,
      "uniques": 1
    },
    {
      "timestamp": "2024-07-20T00:00:00Z",
      "count": 2,
      "uniques": 2
    },
    {
      "timestamp": "2024-07-21T00:00:00Z",
      "count": 13,
      "uniques": 1
    },
    {
      "timestamp": "2024-07-22T00:00:00Z",
      "count": 1,
      "uniques": 1
    },
    {
      "timestamp": "2024-07-23T00:00:00Z",
      "count": 20,
      "uniques": 2
    },
    {
      "timestamp": "2024-07-24T00:00:00Z",
      "count": 40,
      "uniques": 4
    },
    {
      "timestamp": "2024-07-25T00:00:00Z",
      "count": 7,
      "uniques": 3
    },
    {
      "timestamp": "2024-07-26T00:00:00Z",
      "count": 6,
      "uniques": 3
    },
    {
      "timestamp": "2024-07-27T00:00:00Z",
      "count": 3,
      "uniques": 2
    },
    {
      "timestamp": "2024-07-28T00:00:00Z",
      "count": 5,
      "uniques": 3
    },
    {
      "timestamp": "2024-07-29T00:00:00Z",
      "count": 40,
      "uniques": 3
    }
  ]
}
