{
  "count": 148,
  "uniques": 7,
  "views": [
    {
      "timestamp": "2023-04-03T00:00:00Z",
      "count": 109,
      "uniques": 2
    },
    {
      "timestamp": "2023-04-04T00:00:00Z",
      "count": 2,
      "uniques": 2
    },
    {
      "timestamp": "2023-04-05T00:00:00Z",
      "count": 2,
      "uniques": 2
    },
    {
      "timestamp": "2023-04-06T00:00:00Z",
      "count": 5,
      "uniques": 2
    },
    {
      "timestamp": "2023-04-07T00:00:00Z",
      "count": 6,
      "uniques": 1
    },
    {
      "timestamp": "2023-04-08T00:00:00Z",
      "count": 1,
      "uniques": 1
    },
    {
      "timestamp": "2023-04-11T00:00:00Z",
      "count": 9,
      "uniques": 1
    },
    {
      "timestamp": "2023-04-12T00:00:00Z",
      "count": 1,
      "uniques": 1
    },
    {
      "timestamp": "2023-04-13T00:00:00Z",
      "count": 13,
      "uniques": 1
    }
  ]
}
