{
  "count": 7,
  "uniques": 7,
  "clones": [
    {
      "timestamp": "2023-06-05T00:00:00Z",
      "count": 1,
      "uniques": 1
    },
    {
      "timestamp": "2023-06-08T00:00:00Z",
      "count": 1,
      "uniques": 1
    },
    {
      "timestamp": "2023-06-10T00:00:00Z",
      "count": 2,
      "uniques": 2
    },
    {
      "timestamp": "2023-06-12T00:00:00Z",
      "count": 2,
      "uniques": 2
    },
    {
      "timestamp": "2023-06-13T00:00:00Z",
      "count": 1,
      "uniques": 1
    }
  ]
}
