[
  {
    "path": "/alejandrosantanabonilla/pysoftk/tree/main/pysoftk",
    "title": "pysoftk/pysoftk at main · alejandrosantanabonilla/pysoftk · GitHub",
    "count": 95,
    "uniques": 6
  },
  {
    "path": "/alejandrosantanabonilla/pysoftk/tree/main/pysoftk/topologies",
    "title": "pysoftk/pysoftk/topologies at main · alejandrosantanabonilla/pysoftk · GitHub",
    "count": 71,
    "uniques": 3
  },
  {
    "path": "/alejandrosantanabonilla/pysoftk",
    "title": "GitHub - alejandrosantanabonilla/pysoftk: Python program for modelling and si...",
    "count": 60,
    "uniques": 35
  },
  {
    "path": "/alejandrosantanabonilla/pysoftk/tree/main/pysoftk/linear_polymer",
    "title": "pysoftk/pysoftk/linear_polymer at main · alejandrosantanabonilla/pysoftk · Gi...",
    "count": 53,
    "uniques": 3
  },
  {
    "path": "/alejandrosantanabonilla/pysoftk/blob/main/pysoftk/topologies/ring.py",
    "title": "pysoftk/ring.py at main · alejandrosantanabonilla/pysoftk · GitHub",
    "count": 28,
    "uniques": 2
  },
  {
    "path": "/alejandrosantanabonilla/pysoftk/blob/main/pysoftk/linear_polymer/linear_polymer.py",
    "title": "pysoftk/linear_polymer.py at main · alejandrosantanabonilla/pysoftk · GitHub",
    "count": 22,
    "uniques": 1
  },
  {
    "path": "/alejandrosantanabonilla/pysoftk/tree/main/test",
    "title": "pysoftk/test at main · alejandrosantanabonilla/pysoftk · GitHub",
    "count": 19,
    "uniques": 3
  },
  {
    "path": "/alejandrosantanabonilla/pysoftk/blob/main/pysoftk/topologies/utils.py",
    "title": "pysoftk/utils.py at main · alejandrosantanabonilla/pysoftk · GitHub",
    "count": 16,
    "uniques": 2
  },
  {
    "path": "/alejandrosantanabonilla/pysoftk/blob/main/pysoftk/linear_polymer/utils.py",
    "title": "pysoftk/utils.py at main · alejandrosantanabonilla/pysoftk · GitHub",
    "count": 12,
    "uniques": 1
  },
  {
    "path": "/alejandrosantanabonilla/pysoftk/blob/main/pysoftk/topologies/diblock.py",
    "title": "pysoftk/diblock.py at main · alejandrosantanabonilla/pysoftk · GitHub",
    "count": 12,
    "uniques": 1
  }
]
