{
  "count": 576,
  "uniques": 44,
  "views": [
    {
      "timestamp": "2023-05-31T00:00:00Z",
      "count": 3,
      "uniques": 3
    },
    {
      "timestamp": "2023-06-01T00:00:00Z",
      "count": 6,
      "uniques": 4
    },
    {
      "timestamp": "2023-06-02T00:00:00Z",
      "count": 51,
      "uniques": 5
    },
    {
      "timestamp": "2023-06-03T00:00:00Z",
      "count": 39,
      "uniques": 1
    },
    {
      "timestamp": "2023-06-05T00:00:00Z",
      "count": 43,
      "uniques": 3
    },
    {
      "timestamp": "2023-06-06T00:00:00Z",
      "count": 128,
      "uniques": 8
    },
    {
      "timestamp": "2023-06-07T00:00:00Z",
      "count": 29,
      "uniques": 4
    },
    {
      "timestamp": "2023-06-08T00:00:00Z",
      "count": 98,
      "uniques": 6
    },
    {
      "timestamp": "2023-06-09T00:00:00Z",
      "count": 13,
      "uniques": 8
    },
    {
      "timestamp": "2023-06-10T00:00:00Z",
      "count": 60,
      "uniques": 1
    },
    {
      "timestamp": "2023-06-11T00:00:00Z",
      "count": 1,
      "uniques": 1
    },
    {
      "timestamp": "2023-06-12T00:00:00Z",
      "count": 43,
      "uniques": 6
    },
    {
      "timestamp": "2023-06-13T00:00:00Z",
      "count": 62,
      "uniques": 6
    }
  ]
}
