[
  {
    "path": "/alejandrosantanabonilla/pysoftk",
    "title": "GitHub - alejandrosantanabonilla/pysoftk: Python program for modelling and si...",
    "count": 8,
    "uniques": 6
  },
  {
    "path": "/alejandrosantanabonilla/pysoftk/fork",
    "title": "Fork alejandrosantanabonilla/pysoftk",
    "count": 2,
    "uniques": 1
  },
  {
    "path": "/alejandrosantanabonilla/pysoftk/issues",
    "title": "Issues · alejandrosantanabonilla/pysoftk",
    "count": 2,
    "uniques": 1
  },
  {
    "path": "/alejandrosantanabonilla/pysoftk/issues/5",
    "title": "Failed linear polymerization with Agarose monomer and large, flexible molecul...",
    "count": 1,
    "uniques": 1
  }
]
