{
  "count": 20,
  "uniques": 10,
  "views": [
    {
      "timestamp": "2023-12-16T00:00:00Z",
      "count": 3,
      "uniques": 2
    },
    {
      "timestamp": "2023-12-18T00:00:00Z",
      "count": 5,
      "uniques": 1
    },
    {
      "timestamp": "2023-12-19T00:00:00Z",
      "count": 4,
      "uniques": 2
    },
    {
      "timestamp": "2023-12-22T00:00:00Z",
      "count": 1,
      "uniques": 1
    },
    {
      "timestamp": "2023-12-25T00:00:00Z",
      "count": 1,
      "uniques": 1
    },
    {
      "timestamp": "2023-12-27T00:00:00Z",
      "count": 2,
      "uniques": 2
    },
    {
      "timestamp": "2023-12-29T00:00:00Z",
      "count": 4,
      "uniques": 2
    }
  ]
}
