{
  "count": 231,
  "uniques": 24,
  "clones": [
    {
      "timestamp": "2024-12-16T00:00:00Z",
      "count": 43,
      "uniques": 5
    },
    {
      "timestamp": "2024-12-17T00:00:00Z",
      "count": 85,
      "uniques": 7
    },
    {
      "timestamp": "2024-12-18T00:00:00Z",
      "count": 55,
      "uniques": 7
    },
    {
      "timestamp": "2024-12-19T00:00:00Z",
      "count": 2,
      "uniques": 2
    },
    {
      "timestamp": "2024-12-21T00:00:00Z",
      "count": 1,
      "uniques": 1
    },
    {
      "timestamp": "2024-12-22T00:00:00Z",
      "count": 1,
      "uniques": 1
    },
    {
      "timestamp": "2024-12-23T00:00:00Z",
      "count": 34,
      "uniques": 5
    },
    {
      "timestamp": "2024-12-24T00:00:00Z",
      "count": 8,
      "uniques": 3
    },
    {
      "timestamp": "2024-12-28T00:00:00Z",
      "count": 1,
      "uniques": 1
    },
    {
      "timestamp": "2024-12-29T00:00:00Z",
      "count": 1,
      "uniques": 1
    }
  ]
}
