[
  {
    "path": "/alejandrosantanabonilla/pysoftk",
    "title": "GitHub - alejandrosantanabonilla/pysoftk: Python program for modelling and si...",
    "count": 89,
    "uniques": 10
  },
  {
    "path": "/alejandrosantanabonilla/pysoftk/actions",
    "title": "Workflow runs · alejandrosantanabonilla/pysoftk",
    "count": 73,
    "uniques": 1
  },
  {
    "path": "/alejandrosantanabonilla/pysoftk/blob/main/.github/workflows/conda.yml",
    "title": "pysoftk/.github/workflows/conda.yml at main · alejandrosantanabonilla/pysoftk",
    "count": 71,
    "uniques": 1
  },
  {
    "path": "/alejandrosantanabonilla/pysoftk/actions/workflows/conda.yml",
    "title": "Conda different OS · Workflow runs · alejandrosantanabonilla/pysoftk",
    "count": 70,
    "uniques": 1
  },
  {
    "path": "/alejandrosantanabonilla/pysoftk/tree/main/.github/workflows",
    "title": "pysoftk/.github/workflows at main · alejandrosantanabonilla/pysoftk",
    "count": 50,
    "uniques": 1
  },
  {
    "path": "/alejandrosantanabonilla/pysoftk/edit/main/.github/workflows/conda.yml",
    "title": "Editing pysoftk/.github/workflows/conda.yml at main · alejandrosantanabonilla...",
    "count": 30,
    "uniques": 1
  },
  {
    "path": "/alejandrosantanabonilla/pysoftk/tree/main",
    "title": "alejandrosantanabonilla/pysoftk: Python program for modelling and simulating ...",
    "count": 29,
    "uniques": 1
  },
  {
    "path": "/alejandrosantanabonilla/pysoftk/blob/main/test/test_pol/test_umap_analysis.py",
    "title": "pysoftk/test/test_pol/test_umap_analysis.py at main · alejandrosantanabonilla...",
    "count": 15,
    "uniques": 1
  },
  {
    "path": "/alejandrosantanabonilla/pysoftk/tree/main/test/test_pol",
    "title": "pysoftk/test/test_pol at main · alejandrosantanabonilla/pysoftk",
    "count": 11,
    "uniques": 1
  },
  {
    "path": "/alejandrosantanabonilla/pysoftk/tree/main/test",
    "title": "pysoftk/test at main · alejandrosantanabonilla/pysoftk",
    "count": 10,
    "uniques": 1
  }
]
