{
  "count": 1063,
  "uniques": 11,
  "views": [
    {
      "timestamp": "2024-12-16T00:00:00Z",
      "count": 333,
      "uniques": 2
    },
    {
      "timestamp": "2024-12-17T00:00:00Z",
      "count": 333,
      "uniques": 3
    },
    {
      "timestamp": "2024-12-18T00:00:00Z",
      "count": 216,
      "uniques": 1
    },
    {
      "timestamp": "2024-12-19T00:00:00Z",
      "count": 2,
      "uniques": 2
    },
    {
      "timestamp": "2024-12-20T00:00:00Z",
      "count": 7,
      "uniques": 2
    },
    {
      "timestamp": "2024-12-21T00:00:00Z",
      "count": 4,
      "uniques": 1
    },
    {
      "timestamp": "2024-12-23T00:00:00Z",
      "count": 142,
      "uniques": 3
    },
    {
      "timestamp": "2024-12-24T00:00:00Z",
      "count": 19,
      "uniques": 2
    },
    {
      "timestamp": "2024-12-25T00:00:00Z",
      "count": 1,
      "uniques": 1
    },
    {
      "timestamp": "2024-12-27T00:00:00Z",
      "count": 6,
      "uniques": 1
    }
  ]
}
