[
  {
    "path": "/alejandrosantanabonilla/pysoftk",
    "title": "GitHub - alejandrosantanabonilla/pysoftk: Python program for modelling and si...",
    "count": 10,
    "uniques": 10
  },
  {
    "path": "/alejandrosantanabonilla/pysoftk/tree/main/pol_analysis_tutorials",
    "title": "pysoftk/pol_analysis_tutorials at main · alejandrosantanabonilla/pysoftk · Gi...",
    "count": 4,
    "uniques": 2
  },
  {
    "path": "/alejandrosantanabonilla/pysoftk/blob/main/pysoftk/pol_analysis/clustering.py",
    "title": "pysoftk/pysoftk/pol_analysis/clustering.py at main · alejandrosantanabonilla/...",
    "count": 3,
    "uniques": 1
  },
  {
    "path": "/alejandrosantanabonilla/pysoftk/tree/main/pysoftk/format_printers",
    "title": "pysoftk/pysoftk/format_printers at main · alejandrosantanabonilla/pysoftk · G...",
    "count": 2,
    "uniques": 2
  },
  {
    "path": "/alejandrosantanabonilla/pysoftk/blob/main/.github/workflows/conda.yml",
    "title": "pysoftk/.github/workflows/conda.yml at main · alejandrosantanabonilla/pysoftk",
    "count": 2,
    "uniques": 1
  },
  {
    "path": "/alejandrosantanabonilla/pysoftk/tree/main",
    "title": "alejandrosantanabonilla/pysoftk: Python program for modelling and simulating ...",
    "count": 2,
    "uniques": 1
  },
  {
    "path": "/alejandrosantanabonilla/pysoftk/tree/main/pysoftk",
    "title": "pysoftk/pysoftk at main · alejandrosantanabonilla/pysoftk",
    "count": 2,
    "uniques": 1
  },
  {
    "path": "/alejandrosantanabonilla/pysoftk/blob/main/pol_analysis_tutorials/data/pictures_tutorial/branched_screenshot.png",
    "title": "pysoftk/pol_analysis_tutorials/data/pictures_tutorial/branched_screenshot.png...",
    "count": 1,
    "uniques": 1
  },
  {
    "path": "/alejandrosantanabonilla/pysoftk/blob/main/pol_analysis_tutorials/data/pictures_tutorial/cyclic_screenshot.png",
    "title": "pysoftk/pol_analysis_tutorials/data/pictures_tutorial/cyclic_screenshot.png a...",
    "count": 1,
    "uniques": 1
  },
  {
    "path": "/alejandrosantanabonilla/pysoftk/blob/main/pol_analysis_tutorials/data/pictures_tutorial/ring_stacking_snapshot_3.png",
    "title": "pysoftk/pol_analysis_tutorials/data/pictures_tutorial/ring_stacking_snapshot_...",
    "count": 1,
    "uniques": 1
  }
]
