{
  "count": 46,
  "uniques": 14,
  "views": [
    {
      "timestamp": "2025-01-02T00:00:00Z",
      "count": 4,
      "uniques": 2
    },
    {
      "timestamp": "2025-01-05T00:00:00Z",
      "count": 1,
      "uniques": 1
    },
    {
      "timestamp": "2025-01-07T00:00:00Z",
      "count": 1,
      "uniques": 1
    },
    {
      "timestamp": "2025-01-08T00:00:00Z",
      "count": 21,
      "uniques": 2
    },
    {
      "timestamp": "2025-01-09T00:00:00Z",
      "count": 5,
      "uniques": 3
    },
    {
      "timestamp": "2025-01-10T00:00:00Z",
      "count": 10,
      "uniques": 5
    },
    {
      "timestamp": "2025-01-12T00:00:00Z",
      "count": 1,
      "uniques": 1
    },
    {
      "timestamp": "2025-01-13T00:00:00Z",
      "count": 3,
      "uniques": 2
    }
  ]
}
