[
  {
    "path": "/alejandrosantanabonilla/pysoftk",
    "title": "GitHub - alejandrosantanabonilla/pysoftk: Python program for modelling and si...",
    "count": 54,
    "uniques": 23
  },
  {
    "path": "/alejandrosantanabonilla/pysoftk/activity",
    "title": "Activity · alejandrosantanabonilla/pysoftk · GitHub",
    "count": 22,
    "uniques": 1
  },
  {
    "path": "/alejandrosantanabonilla/pysoftk/tree/main/pysoftk",
    "title": "pysoftk/pysoftk at main · alejandrosantanabonilla/pysoftk",
    "count": 19,
    "uniques": 4
  },
  {
    "path": "/alejandrosantanabonilla/pysoftk/tree/main/pysoftk/linear_polymer",
    "title": "pysoftk/pysoftk/linear_polymer at main · alejandrosantanabonilla/pysoftk",
    "count": 13,
    "uniques": 4
  },
  {
    "path": "/alejandrosantanabonilla/pysoftk/tree/main/docs",
    "title": "pysoftk/docs at main · alejandrosantanabonilla/pysoftk · GitHub",
    "count": 9,
    "uniques": 2
  },
  {
    "path": "/alejandrosantanabonilla/pysoftk/tree/main",
    "title": "GitHub - alejandrosantanabonilla/pysoftk: Python program for modelling and si...",
    "count": 8,
    "uniques": 6
  },
  {
    "path": "/alejandrosantanabonilla/pysoftk/blob/main/pysoftk/linear_polymer/linear_polymer.py",
    "title": "pysoftk/pysoftk/linear_polymer/linear_polymer.py at main · alejandrosantanabo...",
    "count": 6,
    "uniques": 3
  },
  {
    "path": "/alejandrosantanabonilla/pysoftk/blob/main/README.md",
    "title": "pysoftk/README.md at main · alejandrosantanabonilla/pysoftk · GitHub",
    "count": 5,
    "uniques": 2
  },
  {
    "path": "/alejandrosantanabonilla/pysoftk/blob/71d0e067ed7606118a1cdf8617b038f885ff0e18/pysoftk/linear_polymer/linear_polymer.py",
    "title": "pysoftk/pysoftk/linear_polymer/linear_polymer.py at 71d0e067ed7606118a1cdf861...",
    "count": 4,
    "uniques": 1
  },
  {
    "path": "/alejandrosantanabonilla/pysoftk/blob/71d0e067ed7606118a1cdf8617b038f885ff0e18/pysoftk/topologies/ranpol.py",
    "title": "pysoftk/pysoftk/topologies/ranpol.py at 71d0e067ed7606118a1cdf8617b038f885ff0...",
    "count": 4,
    "uniques": 1
  }
]
