{
  "count": 231,
  "uniques": 32,
  "views": [
    {
      "timestamp": "2023-10-31T00:00:00Z",
      "count": 8,
      "uniques": 4
    },
    {
      "timestamp": "2023-11-01T00:00:00Z",
      "count": 1,
      "uniques": 1
    },
    {
      "timestamp": "2023-11-02T00:00:00Z",
      "count": 28,
      "uniques": 2
    },
    {
      "timestamp": "2023-11-03T00:00:00Z",
      "count": 48,
      "uniques": 4
    },
    {
      "timestamp": "2023-11-04T00:00:00Z",
      "count": 1,
      "uniques": 1
    },
    {
      "timestamp": "2023-11-05T00:00:00Z",
      "count": 14,
      "uniques": 3
    },
    {
      "timestamp": "2023-11-06T00:00:00Z",
      "count": 37,
      "uniques": 9
    },
    {
      "timestamp": "2023-11-07T00:00:00Z",
      "count": 2,
      "uniques": 1
    },
    {
      "timestamp": "2023-11-08T00:00:00Z",
      "count": 38,
      "uniques": 4
    },
    {
      "timestamp": "2023-11-09T00:00:00Z",
      "count": 39,
      "uniques": 4
    },
    {
      "timestamp": "2023-11-10T00:00:00Z",
      "count": 6,
      "uniques": 3
    },
    {
      "timestamp": "2023-11-11T00:00:00Z",
      "count": 1,
      "uniques": 1
    },
    {
      "timestamp": "2023-11-13T00:00:00Z",
      "count": 8,
      "uniques": 4
    }
  ]
}
