[
  {
    "path": "/alejandrosantanabonilla/pysoftk",
    "title": "GitHub - alejandrosantanabonilla/pysoftk: Python program for modelling and si...",
    "count": 11,
    "uniques": 7
  },
  {
    "path": "/alejandrosantanabonilla/pysoftk/tree/main/pysoftk",
    "title": "pysoftk/pysoftk at main · alejandrosantanabonilla/pysoftk · GitHub",
    "count": 4,
    "uniques": 2
  },
  {
    "path": "/alejandrosantanabonilla/pysoftk/blob/main/pysoftk/torsional/torsional.py",
    "title": "pysoftk/torsional.py at main · alejandrosantanabonilla/pysoftk",
    "count": 2,
    "uniques": 1
  },
  {
    "path": "/alejandrosantanabonilla/pysoftk/tree/e5ef07c319c1954baae20584b473c1d182eb61c0",
    "title": "alejandrosantanabonilla/pysoftk at e5ef07c319c1954baae20584b473c1d182eb61c0",
    "count": 2,
    "uniques": 1
  },
  {
    "path": "/alejandrosantanabonilla/pysoftk/blob/main/pysoftk/linear_polymer/calculators.py",
    "title": "pysoftk/calculators.py at main · alejandrosantanabonilla/pysoftk · GitHub",
    "count": 1,
    "uniques": 1
  },
  {
    "path": "/alejandrosantanabonilla/pysoftk/blob/main/pysoftklogo.png",
    "title": "pysoftk/pysoftklogo.png at main · alejandrosantanabonilla/pysoftk",
    "count": 1,
    "uniques": 1
  },
  {
    "path": "/alejandrosantanabonilla/pysoftk/find/main",
    "title": "File Finder · GitHub",
    "count": 1,
    "uniques": 1
  },
  {
    "path": "/alejandrosantanabonilla/pysoftk/graphs/traffic",
    "title": "Traffic · alejandrosantanabonilla/pysoftk",
    "count": 1,
    "uniques": 1
  },
  {
    "path": "/alejandrosantanabonilla/pysoftk/pulse",
    "title": "Pulse · alejandrosantanabonilla/pysoftk",
    "count": 1,
    "uniques": 1
  },
  {
    "path": "/alejandrosantanabonilla/pysoftk/tree/main/pysoftk/linear_polymer",
    "title": "pysoftk/pysoftk/linear_polymer at main · alejandrosantanabonilla/pysoftk · Gi...",
    "count": 1,
    "uniques": 1
  }
]
