{
  "count": 30,
  "uniques": 8,
  "views": [
    {
      "timestamp": "2023-03-20T00:00:00Z",
      "count": 3,
      "uniques": 1
    },
    {
      "timestamp": "2023-03-21T00:00:00Z",
      "count": 11,
      "uniques": 2
    },
    {
      "timestamp": "2023-03-22T00:00:00Z",
      "count": 9,
      "uniques": 2
    },
    {
      "timestamp": "2023-03-24T00:00:00Z",
      "count": 1,
      "uniques": 1
    },
    {
      "timestamp": "2023-03-25T00:00:00Z",
      "count": 3,
      "uniques": 1
    },
    {
      "timestamp": "2023-03-26T00:00:00Z",
      "count": 1,
      "uniques": 1
    },
    {
      "timestamp": "2023-03-29T00:00:00Z",
      "count": 1,
      "uniques": 1
    },
    {
      "timestamp": "2023-03-30T00:00:00Z",
      "count": 1,
      "uniques": 1
    }
  ]
}
