{
  "count": 22,
  "uniques": 11,
  "clones": [
    {
      "timestamp": "2023-11-17T00:00:00Z",
      "count": 1,
      "uniques": 1
    },
    {
      "timestamp": "2023-11-20T00:00:00Z",
      "count": 15,
      "uniques": 6
    },
    {
      "timestamp": "2023-11-21T00:00:00Z",
      "count": 2,
      "uniques": 1
    },
    {
      "timestamp": "2023-11-22T00:00:00Z",
      "count": 2,
      "uniques": 2
    },
    {
      "timestamp": "2023-11-28T00:00:00Z",
      "count": 2,
      "uniques": 2
    }
  ]
}
