[
  {
    "path": "/alejandrosantanabonilla/pysoftk",
    "title": "GitHub - alejandrosantanabonilla/pysoftk: Python program for modelling and si...",
    "count": 28,
    "uniques": 15
  },
  {
    "path": "/alejandrosantanabonilla/pysoftk/tree/main/pysoftk",
    "title": "pysoftk/pysoftk at main · alejandrosantanabonilla/pysoftk · GitHub",
    "count": 17,
    "uniques": 3
  },
  {
    "path": "/alejandrosantanabonilla/pysoftk/tree/main/pysoftk/linear_polymer",
    "title": "pysoftk/pysoftk/linear_polymer at main · alejandrosantanabonilla/pysoftk · Gi...",
    "count": 11,
    "uniques": 2
  },
  {
    "path": "/alejandrosantanabonilla/pysoftk/issues",
    "title": "Issues · alejandrosantanabonilla/pysoftk · GitHub",
    "count": 7,
    "uniques": 2
  },
  {
    "path": "/alejandrosantanabonilla/pysoftk/tree/main/pysoftk/topologies",
    "title": "pysoftk/pysoftk/topologies at main · alejandrosantanabonilla/pysoftk · GitHub",
    "count": 7,
    "uniques": 2
  },
  {
    "path": "/alejandrosantanabonilla/pysoftk/issues/5",
    "title": "Failed linear polymerization with Agarose monomer and large, flexible molecul...",
    "count": 7,
    "uniques": 1
  },
  {
    "path": "/alejandrosantanabonilla/pysoftk/actions/workflows/pyci.yml",
    "title": "PySoftK testing · Workflow runs · alejandrosantanabonilla/pysoftk · GitHub",
    "count": 6,
    "uniques": 2
  },
  {
    "path": "/alejandrosantanabonilla/pysoftk/blob/main/README.md",
    "title": "pysoftk/README.md at main · alejandrosantanabonilla/pysoftk · GitHub",
    "count": 6,
    "uniques": 2
  },
  {
    "path": "/alejandrosantanabonilla/pysoftk/actions",
    "title": "Workflow runs · alejandrosantanabonilla/pysoftk",
    "count": 5,
    "uniques": 1
  },
  {
    "path": "/alejandrosantanabonilla/pysoftk/blob/main/pysoftk/linear_polymer/linear_polymer.py",
    "title": "pysoftk/pysoftk/linear_polymer/linear_polymer.py at main · alejandrosantanabo...",
    "count": 5,
    "uniques": 1
  }
]
