{
  "count": 192,
  "uniques": 20,
  "views": [
    {
      "timestamp": "2023-11-16T00:00:00Z",
      "count": 45,
      "uniques": 6
    },
    {
      "timestamp": "2023-11-17T00:00:00Z",
      "count": 17,
      "uniques": 2
    },
    {
      "timestamp": "2023-11-18T00:00:00Z",
      "count": 26,
      "uniques": 1
    },
    {
      "timestamp": "2023-11-19T00:00:00Z",
      "count": 3,
      "uniques": 1
    },
    {
      "timestamp": "2023-11-20T00:00:00Z",
      "count": 39,
      "uniques": 5
    },
    {
      "timestamp": "2023-11-21T00:00:00Z",
      "count": 3,
      "uniques": 2
    },
    {
      "timestamp": "2023-11-22T00:00:00Z",
      "count": 20,
      "uniques": 4
    },
    {
      "timestamp": "2023-11-23T00:00:00Z",
      "count": 21,
      "uniques": 2
    },
    {
      "timestamp": "2023-11-24T00:00:00Z",
      "count": 2,
      "uniques": 1
    },
    {
      "timestamp": "2023-11-25T00:00:00Z",
      "count": 3,
      "uniques": 1
    },
    {
      "timestamp": "2023-11-26T00:00:00Z",
      "count": 1,
      "uniques": 1
    },
    {
      "timestamp": "2023-11-27T00:00:00Z",
      "count": 3,
      "uniques": 2
    },
    {
      "timestamp": "2023-11-28T00:00:00Z",
      "count": 4,
      "uniques": 2
    },
    {
      "timestamp": "2023-11-29T00:00:00Z",
      "count": 5,
      "uniques": 2
    }
  ]
}
