{
  "count": 9,
  "uniques": 8,
  "clones": [
    {
      "timestamp": "2023-11-30T00:00:00Z",
      "count": 1,
      "uniques": 1
    },
    {
      "timestamp": "2023-12-04T00:00:00Z",
      "count": 1,
      "uniques": 1
    },
    {
      "timestamp": "2023-12-05T00:00:00Z",
      "count": 2,
      "uniques": 1
    },
    {
      "timestamp": "2023-12-06T00:00:00Z",
      "count": 1,
      "uniques": 1
    },
    {
      "timestamp": "2023-12-07T00:00:00Z",
      "count": 2,
      "uniques": 2
    },
    {
      "timestamp": "2023-12-08T00:00:00Z",
      "count": 1,
      "uniques": 1
    },
    {
      "timestamp": "2023-12-10T00:00:00Z",
      "count": 1,
      "uniques": 1
    }
  ]
}
