[
  {
    "path": "/alejandrosantanabonilla/pysoftk",
    "title": "GitHub - alejandrosantanabonilla/pysoftk: Python program for modelling and si...",
    "count": 15,
    "uniques": 12
  },
  {
    "path": "/alejandrosantanabonilla/pysoftk/tree/main/pysoftk",
    "title": "pysoftk/pysoftk at main · alejandrosantanabonilla/pysoftk · GitHub",
    "count": 11,
    "uniques": 2
  },
  {
    "path": "/alejandrosantanabonilla/pysoftk/tree/main/pysoftk/tools",
    "title": "pysoftk/pysoftk/tools at main · alejandrosantanabonilla/pysoftk",
    "count": 10,
    "uniques": 1
  },
  {
    "path": "/alejandrosantanabonilla/pysoftk/blob/main/pysoftk/tools/utils_rdkit.py",
    "title": "pysoftk/pysoftk/tools/utils_rdkit.py at main · alejandrosantanabonilla/pysoftk",
    "count": 8,
    "uniques": 1
  },
  {
    "path": "/alejandrosantanabonilla/pysoftk/blob/main/setup.py",
    "title": "pysoftk/setup.py at main · alejandrosantanabonilla/pysoftk · GitHub",
    "count": 6,
    "uniques": 1
  },
  {
    "path": "/alejandrosantanabonilla/pysoftk/issues",
    "title": "Issues · alejandrosantanabonilla/pysoftk · GitHub",
    "count": 5,
    "uniques": 3
  },
  {
    "path": "/alejandrosantanabonilla/pysoftk/tree/main/pysoftk/topologies",
    "title": "pysoftk/pysoftk/topologies at main · alejandrosantanabonilla/pysoftk",
    "count": 5,
    "uniques": 1
  },
  {
    "path": "/alejandrosantanabonilla/pysoftk/blob/71d0e067ed7606118a1cdf8617b038f885ff0e18/pysoftk/tools/utils_func.py",
    "title": "pysoftk/pysoftk/tools/utils_func.py at 71d0e067ed7606118a1cdf8617b038f885ff0e...",
    "count": 4,
    "uniques": 1
  },
  {
    "path": "/alejandrosantanabonilla/pysoftk/blob/main/pysoftk/topologies/branched.py",
    "title": "pysoftk/pysoftk/topologies/branched.py at main · alejandrosantanabonilla/pyso...",
    "count": 4,
    "uniques": 1
  },
  {
    "path": "/alejandrosantanabonilla/pysoftk/tree/main/docs/source/tutorials/scripts",
    "title": "pysoftk/docs/source/tutorials/scripts at main · alejandrosantanabonilla/pysof...",
    "count": 4,
    "uniques": 1
  }
]
