{
  "count": 125,
  "uniques": 13,
  "views": [
    {
      "timestamp": "2023-11-30T00:00:00Z",
      "count": 27,
      "uniques": 1
    },
    {
      "timestamp": "2023-12-02T00:00:00Z",
      "count": 3,
      "uniques": 1
    },
    {
      "timestamp": "2023-12-04T00:00:00Z",
      "count": 1,
      "uniques": 1
    },
    {
      "timestamp": "2023-12-05T00:00:00Z",
      "count": 5,
      "uniques": 1
    },
    {
      "timestamp": "2023-12-06T00:00:00Z",
      "count": 48,
      "uniques": 1
    },
    {
      "timestamp": "2023-12-07T00:00:00Z",
      "count": 19,
      "uniques": 2
    },
    {
      "timestamp": "2023-12-08T00:00:00Z",
      "count": 4,
      "uniques": 4
    },
    {
      "timestamp": "2023-12-11T00:00:00Z",
      "count": 6,
      "uniques": 1
    },
    {
      "timestamp": "2023-12-12T00:00:00Z",
      "count": 12,
      "uniques": 2
    }
  ]
}
