[
  {
    "path": "/alejandrosantanabonilla/pysoftk",
    "title": "GitHub - alejandrosantanabonilla/pysoftk: Python program for modelling and si...",
    "count": 49,
    "uniques": 35
  },
  {
    "path": "/alejandrosantanabonilla/pysoftk/tree/main/pol_analysis_tutorials",
    "title": "pysoftk/pol_analysis_tutorials at main · alejandrosantanabonilla/pysoftk · Gi...",
    "count": 13,
    "uniques": 3
  },
  {
    "path": "/alejandrosantanabonilla/pysoftk/blob/main/pol_analysis_tutorials/RSA_protein_tutorial.ipynb",
    "title": "pysoftk/pol_analysis_tutorials/RSA_protein_tutorial.ipynb at main · alejandro...",
    "count": 5,
    "uniques": 2
  },
  {
    "path": "/alejandrosantanabonilla/pysoftk/tree/main/test",
    "title": "pysoftk/test at main · alejandrosantanabonilla/pysoftk · GitHub",
    "count": 5,
    "uniques": 2
  },
  {
    "path": "/alejandrosantanabonilla/pysoftk/blob/88f2163339a8017b72d141956fc54ab10ba533f5/pysoftk/topologies/branched.py",
    "title": "pysoftk/pysoftk/topologies/branched.py at 88f2163339a8017b72d141956fc54ab10ba...",
    "count": 3,
    "uniques": 1
  },
  {
    "path": "/alejandrosantanabonilla/pysoftk/blob/main/pol_analysis_tutorials/ecc_tutorial.ipynb",
    "title": "pysoftk/pol_analysis_tutorials/ecc_tutorial.ipynb at main · alejandrosantanab...",
    "count": 3,
    "uniques": 1
  },
  {
    "path": "/alejandrosantanabonilla/pysoftk/blob/main/pysoftk/format_printers/format_mol.py",
    "title": "pysoftk/pysoftk/format_printers/format_mol.py at main · alejandrosantanabonil...",
    "count": 3,
    "uniques": 1
  },
  {
    "path": "/alejandrosantanabonilla/pysoftk/blob/main/pysoftk/pysoftwhere/icsi.py",
    "title": "pysoftk/pysoftk/pysoftwhere/icsi.py at main · alejandrosantanabonilla/pysoftk...",
    "count": 3,
    "uniques": 1
  },
  {
    "path": "/alejandrosantanabonilla/pysoftk/blob/main/pysoftk/tools/utils_ob.py",
    "title": "pysoftk/pysoftk/tools/utils_ob.py at main · alejandrosantanabonilla/pysoftk ·...",
    "count": 3,
    "uniques": 1
  },
  {
    "path": "/alejandrosantanabonilla/pysoftk/blob/main/pysoftk/topologies/branched.py",
    "title": "pysoftk/pysoftk/topologies/branched.py at main · alejandrosantanabonilla/pyso...",
    "count": 3,
    "uniques": 1
  }
]
