{
  "count": 137,
  "uniques": 43,
  "views": [
    {
      "timestamp": "2024-05-16T00:00:00Z",
      "count": 6,
      "uniques": 6
    },
    {
      "timestamp": "2024-05-17T00:00:00Z",
      "count": 9,
      "uniques": 3
    },
    {
      "timestamp": "2024-05-18T00:00:00Z",
      "count": 3,
      "uniques": 2
    },
    {
      "timestamp": "2024-05-19T00:00:00Z",
      "count": 4,
      "uniques": 4
    },
    {
      "timestamp": "2024-05-20T00:00:00Z",
      "count": 11,
      "uniques": 1
    },
    {
      "timestamp": "2024-05-21T00:00:00Z",
      "count": 3,
      "uniques": 3
    },
    {
      "timestamp": "2024-05-22T00:00:00Z",
      "count": 2,
      "uniques": 2
    },
    {
      "timestamp": "2024-05-23T00:00:00Z",
      "count": 10,
      "uniques": 8
    },
    {
      "timestamp": "2024-05-24T00:00:00Z",
      "count": 25,
      "uniques": 5
    },
    {
      "timestamp": "2024-05-25T00:00:00Z",
      "count": 2,
      "uniques": 1
    },
    {
      "timestamp": "2024-05-26T00:00:00Z",
      "count": 2,
      "uniques": 2
    },
    {
      "timestamp": "2024-05-27T00:00:00Z",
      "count": 44,
      "uniques": 2
    },
    {
      "timestamp": "2024-05-28T00:00:00Z",
      "count": 11,
      "uniques": 3
    },
    {
      "timestamp": "2024-05-29T00:00:00Z",
      "count": 5,
      "uniques": 4
    }
  ]
}
