{
  "count": 45,
  "uniques": 22,
  "clones": [
    {
      "timestamp": "2025-02-28T00:00:00Z",
      "count": 1,
      "uniques": 1
    },
    {
      "timestamp": "2025-03-04T00:00:00Z",
      "count": 12,
      "uniques": 5
    },
    {
      "timestamp": "2025-03-05T00:00:00Z",
      "count": 16,
      "uniques": 7
    },
    {
      "timestamp": "2025-03-06T00:00:00Z",
      "count": 1,
      "uniques": 1
    },
    {
      "timestamp": "2025-03-07T00:00:00Z",
      "count": 2,
      "uniques": 2
    },
    {
      "timestamp": "2025-03-08T00:00:00Z",
      "count": 4,
      "uniques": 4
    },
    {
      "timestamp": "2025-03-10T00:00:00Z",
      "count": 6,
      "uniques": 3
    },
    {
      "timestamp": "2025-03-11T00:00:00Z",
      "count": 1,
      "uniques": 1
    },
    {
      "timestamp": "2025-03-12T00:00:00Z",
      "count": 1,
      "uniques": 1
    },
    {
      "timestamp": "2025-03-13T00:00:00Z",
      "count": 1,
      "uniques": 1
    }
  ]
}
