[
  {
    "path": "/alejandrosantanabonilla/pysoftk",
    "title": "GitHub - alejandrosantanabonilla/pysoftk: Python program for modelling and si...",
    "count": 47,
    "uniques": 21
  },
  {
    "path": "/alejandrosantanabonilla/pysoftk/tree/main/pysoftk",
    "title": "pysoftk/pysoftk at main · alejandrosantanabonilla/pysoftk",
    "count": 15,
    "uniques": 5
  },
  {
    "path": "/alejandrosantanabonilla/pysoftk/actions/runs/13669484851/job/38216850823",
    "title": "Conda different OS · alejandrosantanabonilla/pysoftk@b27a537",
    "count": 15,
    "uniques": 1
  },
  {
    "path": "/alejandrosantanabonilla/pysoftk/actions/runs/13669484851/job/38216850828",
    "title": "Conda different OS · alejandrosantanabonilla/pysoftk@b27a537",
    "count": 13,
    "uniques": 1
  },
  {
    "path": "/alejandrosantanabonilla/pysoftk/actions",
    "title": "Workflow runs · alejandrosantanabonilla/pysoftk",
    "count": 12,
    "uniques": 1
  },
  {
    "path": "/alejandrosantanabonilla/pysoftk/tree/main",
    "title": "alejandrosantanabonilla/pysoftk: Python program for modelling and simulating ...",
    "count": 10,
    "uniques": 2
  },
  {
    "path": "/alejandrosantanabonilla/pysoftk/tree/main/test",
    "title": "pysoftk/test at main · alejandrosantanabonilla/pysoftk",
    "count": 9,
    "uniques": 5
  },
  {
    "path": "/alejandrosantanabonilla/pysoftk/actions/runs/13669484851/job/38216850835",
    "title": "Conda different OS · alejandrosantanabonilla/pysoftk@b27a537",
    "count": 9,
    "uniques": 1
  },
  {
    "path": "/alejandrosantanabonilla/pysoftk/actions/runs/13669484851/job/38216850827",
    "title": "Conda different OS · alejandrosantanabonilla/pysoftk@b27a537",
    "count": 8,
    "uniques": 1
  },
  {
    "path": "/alejandrosantanabonilla/pysoftk/blob/main/pysoftk/format_printers/format_mol.py",
    "title": "pysoftk/pysoftk/format_printers/format_mol.py at main · alejandrosantanabonil...",
    "count": 8,
    "uniques": 1
  }
]
