{
  "count": 269,
  "uniques": 24,
  "views": [
    {
      "timestamp": "2025-02-28T00:00:00Z",
      "count": 9,
      "uniques": 3
    },
    {
      "timestamp": "2025-03-01T00:00:00Z",
      "count": 1,
      "uniques": 1
    },
    {
      "timestamp": "2025-03-02T00:00:00Z",
      "count": 3,
      "uniques": 3
    },
    {
      "timestamp": "2025-03-03T00:00:00Z",
      "count": 42,
      "uniques": 5
    },
    {
      "timestamp": "2025-03-04T00:00:00Z",
      "count": 54,
      "uniques": 5
    },
    {
      "timestamp": "2025-03-05T00:00:00Z",
      "count": 107,
      "uniques": 3
    },
    {
      "timestamp": "2025-03-06T00:00:00Z",
      "count": 2,
      "uniques": 2
    },
    {
      "timestamp": "2025-03-07T00:00:00Z",
      "count": 36,
      "uniques": 2
    },
    {
      "timestamp": "2025-03-08T00:00:00Z",
      "count": 1,
      "uniques": 1
    },
    {
      "timestamp": "2025-03-10T00:00:00Z",
      "count": 10,
      "uniques": 3
    },
    {
      "timestamp": "2025-03-11T00:00:00Z",
      "count": 2,
      "uniques": 1
    },
    {
      "timestamp": "2025-03-12T00:00:00Z",
      "count": 1,
      "uniques": 1
    },
    {
      "timestamp": "2025-03-13T00:00:00Z",
      "count": 1,
      "uniques": 1
    }
  ]
}
