{
  "count": 26,
  "uniques": 15,
  "clones": [
    {
      "timestamp": "2023-01-03T00:00:00Z",
      "count": 4,
      "uniques": 2
    },
    {
      "timestamp": "2023-01-04T00:00:00Z",
      "count": 1,
      "uniques": 1
    },
    {
      "timestamp": "2023-01-05T00:00:00Z",
      "count": 1,
      "uniques": 1
    },
    {
      "timestamp": "2023-01-06T00:00:00Z",
      "count": 7,
      "uniques": 5
    },
    {
      "timestamp": "2023-01-09T00:00:00Z",
      "count": 10,
      "uniques": 6
    },
    {
      "timestamp": "2023-01-10T00:00:00Z",
      "count": 2,
      "uniques": 1
    },
    {
      "timestamp": "2023-01-12T00:00:00Z",
      "count": 1,
      "uniques": 1
    }
  ]
}
