[
  {
    "path": "/alejandrosantanabonilla/pysoftk",
    "title": "GitHub - alejandrosantanabonilla/pysoftk: Python program for modelling and si...",
    "count": 35,
    "uniques": 9
  },
  {
    "path": "/alejandrosantanabonilla/pysoftk/tree/main/.github/workflows",
    "title": "pysoftk/.github/workflows at main · alejandrosantanabonilla/pysoftk · GitHub",
    "count": 7,
    "uniques": 3
  },
  {
    "path": "/alejandrosantanabonilla/pysoftk/tree/main/pysoftk",
    "title": "pysoftk/pysoftk at main · alejandrosantanabonilla/pysoftk · GitHub",
    "count": 4,
    "uniques": 3
  },
  {
    "path": "/alejandrosantanabonilla/pysoftk/pulse",
    "title": "Pulse · alejandrosantanabonilla/pysoftk · GitHub",
    "count": 4,
    "uniques": 2
  },
  {
    "path": "/alejandrosantanabonilla/pysoftk/actions/workflows/build_docs.yml",
    "title": "Actions · alejandrosantanabonilla/pysoftk",
    "count": 3,
    "uniques": 1
  },
  {
    "path": "/alejandrosantanabonilla/pysoftk/blob/main/README.md",
    "title": "pysoftk/README.md at main · alejandrosantanabonilla/pysoftk",
    "count": 3,
    "uniques": 1
  },
  {
    "path": "/alejandrosantanabonilla/pysoftk/edit/main/README.md",
    "title": "Editing pysoftk/README.md at main · alejandrosantanabonilla/pysoftk",
    "count": 3,
    "uniques": 1
  },
  {
    "path": "/alejandrosantanabonilla/pysoftk/blob/main/.github/workflows/stats.yml",
    "title": "pysoftk/stats.yml at main · alejandrosantanabonilla/pysoftk · GitHub",
    "count": 2,
    "uniques": 2
  },
  {
    "path": "/alejandrosantanabonilla/pysoftk/blob/main/pysoftk/linear_polymer/linear_polymer.py",
    "title": "pysoftk/linear_polymer.py at main · alejandrosantanabonilla/pysoftk · GitHub",
    "count": 2,
    "uniques": 2
  },
  {
    "path": "/alejandrosantanabonilla/pysoftk/blob/main/pysoftk/topologies/diblock.py",
    "title": "pysoftk/diblock.py at main · alejandrosantanabonilla/pysoftk",
    "count": 2,
    "uniques": 2
  }
]
