{
  "count": 94,
  "uniques": 9,
  "views": [
    {
      "timestamp": "2023-01-02T00:00:00Z",
      "count": 1,
      "uniques": 1
    },
    {
      "timestamp": "2023-01-03T00:00:00Z",
      "count": 33,
      "uniques": 3
    },
    {
      "timestamp": "2023-01-04T00:00:00Z",
      "count": 4,
      "uniques": 1
    },
    {
      "timestamp": "2023-01-05T00:00:00Z",
      "count": 2,
      "uniques": 2
    },
    {
      "timestamp": "2023-01-06T00:00:00Z",
      "count": 16,
      "uniques": 2
    },
    {
      "timestamp": "2023-01-08T00:00:00Z",
      "count": 1,
      "uniques": 1
    },
    {
      "timestamp": "2023-01-09T00:00:00Z",
      "count": 32,
      "uniques": 1
    },
    {
      "timestamp": "2023-01-10T00:00:00Z",
      "count": 3,
      "uniques": 3
    },
    {
      "timestamp": "2023-01-11T00:00:00Z",
      "count": 1,
      "uniques": 1
    },
    {
      "timestamp": "2023-01-12T00:00:00Z",
      "count": 1,
      "uniques": 1
    }
  ]
}
