[
  {
    "path": "/alejandrosantanabonilla/pysoftk",
    "title": "GitHub - alejandrosantanabonilla/pysoftk: Python program for modelling and si...",
    "count": 22,
    "uniques": 11
  },
  {
    "path": "/alejandrosantanabonilla/pysoftk/pulse",
    "title": "Pulse · alejandrosantanabonilla/pysoftk · GitHub",
    "count": 5,
    "uniques": 2
  },
  {
    "path": "/alejandrosantanabonilla/pysoftk/tree/main/docs",
    "title": "pysoftk/docs at main · alejandrosantanabonilla/pysoftk · GitHub",
    "count": 3,
    "uniques": 3
  },
  {
    "path": "/alejandrosantanabonilla/pysoftk/actions/runs/4092447838",
    "title": "PySoftK testing · alejandrosantanabonilla/pysoftk@d9dcae8 · GitHub",
    "count": 3,
    "uniques": 2
  },
  {
    "path": "/alejandrosantanabonilla/pysoftk/graphs/traffic",
    "title": "Traffic · alejandrosantanabonilla/pysoftk",
    "count": 3,
    "uniques": 1
  },
  {
    "path": "/alejandrosantanabonilla/pysoftk/actions",
    "title": "Actions · alejandrosantanabonilla/pysoftk · GitHub",
    "count": 2,
    "uniques": 2
  },
  {
    "path": "/alejandrosantanabonilla/pysoftk/network",
    "title": "Network Graph · alejandrosantanabonilla/pysoftk · GitHub",
    "count": 2,
    "uniques": 2
  },
  {
    "path": "/alejandrosantanabonilla/pysoftk/network/members",
    "title": "Forks · alejandrosantanabonilla/pysoftk · GitHub",
    "count": 2,
    "uniques": 2
  },
  {
    "path": "/alejandrosantanabonilla/pysoftk/tree/main/docs/source",
    "title": "pysoftk/docs/source at main · alejandrosantanabonilla/pysoftk · GitHub",
    "count": 2,
    "uniques": 2
  },
  {
    "path": "/alejandrosantanabonilla/pysoftk/actions/workflows/pyci.yml",
    "title": "Actions · alejandrosantanabonilla/pysoftk",
    "count": 2,
    "uniques": 1
  }
]
