{
  "count": 88,
  "uniques": 13,
  "views": [
    {
      "timestamp": "2023-01-31T00:00:00Z",
      "count": 3,
      "uniques": 1
    },
    {
      "timestamp": "2023-02-01T00:00:00Z",
      "count": 3,
      "uniques": 2
    },
    {
      "timestamp": "2023-02-03T00:00:00Z",
      "count": 1,
      "uniques": 1
    },
    {
      "timestamp": "2023-02-04T00:00:00Z",
      "count": 12,
      "uniques": 3
    },
    {
      "timestamp": "2023-02-05T00:00:00Z",
      "count": 8,
      "uniques": 1
    },
    {
      "timestamp": "2023-02-06T00:00:00Z",
      "count": 11,
      "uniques": 2
    },
    {
      "timestamp": "2023-02-08T00:00:00Z",
      "count": 13,
      "uniques": 4
    },
    {
      "timestamp": "2023-02-09T00:00:00Z",
      "count": 3,
      "uniques": 1
    },
    {
      "timestamp": "2023-02-10T00:00:00Z",
      "count": 3,
      "uniques": 3
    },
    {
      "timestamp": "2023-02-11T00:00:00Z",
      "count": 6,
      "uniques": 1
    },
    {
      "timestamp": "2023-02-12T00:00:00Z",
      "count": 1,
      "uniques": 1
    },
    {
      "timestamp": "2023-02-13T00:00:00Z",
      "count": 24,
      "uniques": 2
    }
  ]
}
