{
  "count": 51,
  "uniques": 20,
  "clones": [
    {
      "timestamp": "2022-11-30T00:00:00Z",
      "count": 19,
      "uniques": 5
    },
    {
      "timestamp": "2022-12-01T00:00:00Z",
      "count": 8,
      "uniques": 6
    },
    {
      "timestamp": "2022-12-05T00:00:00Z",
      "count": 8,
      "uniques": 5
    },
    {
      "timestamp": "2022-12-06T00:00:00Z",
      "count": 6,
      "uniques": 3
    },
    {
      "timestamp": "2022-12-07T00:00:00Z",
      "count": 5,
      "uniques": 4
    },
    {
      "timestamp": "2022-12-09T00:00:00Z",
      "count": 2,
      "uniques": 2
    },
    {
      "timestamp": "2022-12-12T00:00:00Z",
      "count": 2,
      "uniques": 1
    },
    {
      "timestamp": "2022-12-13T00:00:00Z",
      "count": 1,
      "uniques": 1
    }
  ]
}
