[
  {
    "path": "/alejandrosantanabonilla/pysoftk",
    "title": "alejandrosantanabonilla/pysoftk: Python program for modelling and simulating ...",
    "count": 35,
    "uniques": 4
  },
  {
    "path": "/alejandrosantanabonilla/pysoftk/blob/main/README.md",
    "title": "pysoftk/README.md at main · alejandrosantanabonilla/pysoftk · GitHub",
    "count": 8,
    "uniques": 3
  },
  {
    "path": "/alejandrosantanabonilla/pysoftk/actions",
    "title": "Actions · alejandrosantanabonilla/pysoftk",
    "count": 8,
    "uniques": 1
  },
  {
    "path": "/alejandrosantanabonilla/pysoftk/tree/main/.github/workflows",
    "title": "pysoftk/.github/workflows at main · alejandrosantanabonilla/pysoftk",
    "count": 7,
    "uniques": 2
  },
  {
    "path": "/alejandrosantanabonilla/pysoftk/tree/main/test",
    "title": "pysoftk/test at main · alejandrosantanabonilla/pysoftk · GitHub",
    "count": 7,
    "uniques": 2
  },
  {
    "path": "/alejandrosantanabonilla/pysoftk/actions/workflows/build_docs.yml",
    "title": "Actions · alejandrosantanabonilla/pysoftk",
    "count": 6,
    "uniques": 1
  },
  {
    "path": "/alejandrosantanabonilla/pysoftk/tree/main/pysoftk",
    "title": "pysoftk/pysoftk at main · alejandrosantanabonilla/pysoftk",
    "count": 5,
    "uniques": 1
  },
  {
    "path": "/alejandrosantanabonilla/pysoftk/actions/workflows/stats.yml",
    "title": "Actions · alejandrosantanabonilla/pysoftk",
    "count": 4,
    "uniques": 1
  },
  {
    "path": "/alejandrosantanabonilla/pysoftk/blob/main/.github/workflows/build_docs.yml",
    "title": "pysoftk/build_docs.yml at main · alejandrosantanabonilla/pysoftk",
    "count": 4,
    "uniques": 1
  },
  {
    "path": "/alejandrosantanabonilla/pysoftk/edit/main/README.md",
    "title": "Editing pysoftk/README.md at main · alejandrosantanabonilla/pysoftk",
    "count": 4,
    "uniques": 1
  }
]
