{
  "count": 182,
  "uniques": 6,
  "views": [
    {
      "timestamp": "2022-11-30T00:00:00Z",
      "count": 43,
      "uniques": 2
    },
    {
      "timestamp": "2022-12-01T00:00:00Z",
      "count": 22,
      "uniques": 1
    },
    {
      "timestamp": "2022-12-02T00:00:00Z",
      "count": 8,
      "uniques": 1
    },
    {
      "timestamp": "2022-12-05T00:00:00Z",
      "count": 26,
      "uniques": 3
    },
    {
      "timestamp": "2022-12-06T00:00:00Z",
      "count": 17,
      "uniques": 3
    },
    {
      "timestamp": "2022-12-07T00:00:00Z",
      "count": 15,
      "uniques": 1
    },
    {
      "timestamp": "2022-12-08T00:00:00Z",
      "count": 1,
      "uniques": 1
    },
    {
      "timestamp": "2022-12-09T00:00:00Z",
      "count": 28,
      "uniques": 1
    },
    {
      "timestamp": "2022-12-12T00:00:00Z",
      "count": 7,
      "uniques": 1
    },
    {
      "timestamp": "2022-12-13T00:00:00Z",
      "count": 15,
      "uniques": 2
    }
  ]
}
