[
  {
    "path": "/alejandrosantanabonilla/pysoftk",
    "title": "GitHub - alejandrosantanabonilla/pysoftk: Python program for modelling and si...",
    "count": 20,
    "uniques": 16
  },
  {
    "path": "/alejandrosantanabonilla/pysoftk/blob/main/.github/workflows/conda.yml",
    "title": "pysoftk/.github/workflows/conda.yml at main · alejandrosantanabonilla/pysoftk",
    "count": 3,
    "uniques": 1
  },
  {
    "path": "/alejandrosantanabonilla/pysoftk/blob/main/LICENSE.md",
    "title": "pysoftk/LICENSE.md at main · alejandrosantanabonilla/pysoftk · GitHub",
    "count": 3,
    "uniques": 1
  },
  {
    "path": "/alejandrosantanabonilla/pysoftk/blob/main/README.md",
    "title": "pysoftk/README.md at main · alejandrosantanabonilla/pysoftk · GitHub",
    "count": 3,
    "uniques": 1
  },
  {
    "path": "/alejandrosantanabonilla/pysoftk/tree/main/pysoftk",
    "title": "pysoftk/pysoftk at main · alejandrosantanabonilla/pysoftk · GitHub",
    "count": 2,
    "uniques": 2
  },
  {
    "path": "/alejandrosantanabonilla/pysoftk/issues",
    "title": "Repo Issues · GitHub",
    "count": 2,
    "uniques": 1
  },
  {
    "path": "/alejandrosantanabonilla/pysoftk/blob/main/pol_analysis_tutorials/contacts_tutorial.ipynb",
    "title": "pysoftk/pol_analysis_tutorials/contacts_tutorial.ipynb at main · alejandrosan...",
    "count": 1,
    "uniques": 1
  },
  {
    "path": "/alejandrosantanabonilla/pysoftk/blob/main/pol_analysis_tutorials/ecc_tutorial.ipynb",
    "title": "pysoftk/pol_analysis_tutorials/ecc_tutorial.ipynb at main · alejandrosantanab...",
    "count": 1,
    "uniques": 1
  },
  {
    "path": "/alejandrosantanabonilla/pysoftk/blob/main/pol_analysis_tutorials/intrinsic_density_tutorial.ipynb",
    "title": "pysoftk/pol_analysis_tutorials/intrinsic_density_tutorial.ipynb at main · ale...",
    "count": 1,
    "uniques": 1
  },
  {
    "path": "/alejandrosantanabonilla/pysoftk/blob/main/pol_analysis_tutorials/micelle_whole_tutorial.ipynb",
    "title": "pysoftk/pol_analysis_tutorials/micelle_whole_tutorial.ipynb at main · alejand...",
    "count": 1,
    "uniques": 1
  }
]
