{
  "count": 55,
  "uniques": 19,
  "views": [
    {
      "timestamp": "2025-01-16T00:00:00Z",
      "count": 9,
      "uniques": 2
    },
    {
      "timestamp": "2025-01-18T00:00:00Z",
      "count": 2,
      "uniques": 2
    },
    {
      "timestamp": "2025-01-20T00:00:00Z",
      "count": 6,
      "uniques": 4
    },
    {
      "timestamp": "2025-01-21T00:00:00Z",
      "count": 6,
      "uniques": 5
    },
    {
      "timestamp": "2025-01-23T00:00:00Z",
      "count": 2,
      "uniques": 2
    },
    {
      "timestamp": "2025-01-24T00:00:00Z",
      "count": 4,
      "uniques": 3
    },
    {
      "timestamp": "2025-01-27T00:00:00Z",
      "count": 7,
      "uniques": 1
    },
    {
      "timestamp": "2025-01-28T00:00:00Z",
      "count": 16,
      "uniques": 2
    },
    {
      "timestamp": "2025-01-29T00:00:00Z",
      "count": 3,
      "uniques": 3
    }
  ]
}
