{
  "count": 201,
  "uniques": 54,
  "clones": [
    {
      "timestamp": "2022-10-04T00:00:00Z",
      "count": 35,
      "uniques": 5
    },
    {
      "timestamp": "2022-10-06T00:00:00Z",
      "count": 6,
      "uniques": 5
    },
    {
      "timestamp": "2022-10-09T00:00:00Z",
      "count": 9,
      "uniques": 6
    },
    {
      "timestamp": "2022-10-11T00:00:00Z",
      "count": 21,
      "uniques": 7
    },
    {
      "timestamp": "2022-10-12T00:00:00Z",
      "count": 30,
      "uniques": 12
    },
    {
      "timestamp": "2022-10-13T00:00:00Z",
      "count": 97,
      "uniques": 40
    },
    {
      "timestamp": "2022-10-14T00:00:00Z",
      "count": 3,
      "uniques": 3
    }
  ]
}
