[
  {
    "path": "/alejandrosantanabonilla/pysoftk",
    "title": "GitHub - alejandrosantanabonilla/pysoftk: Python program for modelling and si...",
    "count": 172,
    "uniques": 10
  },
  {
    "path": "/alejandrosantanabonilla/pysoftk/actions",
    "title": "Actions · alejandrosantanabonilla/pysoftk",
    "count": 104,
    "uniques": 2
  },
  {
    "path": "/alejandrosantanabonilla/pysoftk/actions/workflows/stats.yml",
    "title": "Actions · alejandrosantanabonilla/pysoftk",
    "count": 101,
    "uniques": 1
  },
  {
    "path": "/alejandrosantanabonilla/pysoftk/blob/main/.github/workflows/stats.yml",
    "title": "pysoftk/stats.yml at main · alejandrosantanabonilla/pysoftk",
    "count": 82,
    "uniques": 1
  },
  {
    "path": "/alejandrosantanabonilla/pysoftk/tree/main/.github/workflows",
    "title": "pysoftk/.github/workflows at main · alejandrosantanabonilla/pysoftk · GitHub",
    "count": 64,
    "uniques": 2
  },
  {
    "path": "/alejandrosantanabonilla/pysoftk/tree/stats",
    "title": "alejandrosantanabonilla/pysoftk at stats",
    "count": 59,
    "uniques": 1
  },
  {
    "path": "/alejandrosantanabonilla/pysoftk/blob/stats/.github/workflows/store.yml",
    "title": "pysoftk/store.yml at stats · alejandrosantanabonilla/pysoftk",
    "count": 40,
    "uniques": 1
  },
  {
    "path": "/alejandrosantanabonilla/pysoftk/edit/main/.github/workflows/stats.yml",
    "title": "Editing pysoftk/stats.yml at main · alejandrosantanabonilla/pysoftk",
    "count": 38,
    "uniques": 1
  },
  {
    "path": "/alejandrosantanabonilla/pysoftk/tree/stats/.github/workflows",
    "title": "pysoftk/.github/workflows at stats · alejandrosantanabonilla/pysoftk",
    "count": 31,
    "uniques": 1
  },
  {
    "path": "/alejandrosantanabonilla/pysoftk/edit/stats/.github/workflows/store.yml",
    "title": "Editing pysoftk/store.yml at stats · alejandrosantanabonilla/pysoftk",
    "count": 21,
    "uniques": 1
  }
]
