{
  "count": 1069,
  "uniques": 10,
  "views": [
    {
      "timestamp": "2022-09-30T00:00:00Z",
      "count": 18,
      "uniques": 1
    },
    {
      "timestamp": "2022-10-01T00:00:00Z",
      "count": 4,
      "uniques": 1
    },
    {
      "timestamp": "2022-10-02T00:00:00Z",
      "count": 5,
      "uniques": 1
    },
    {
      "timestamp": "2022-10-03T00:00:00Z",
      "count": 7,
      "uniques": 4
    },
    {
      "timestamp": "2022-10-04T00:00:00Z",
      "count": 90,
      "uniques": 5
    },
    {
      "timestamp": "2022-10-05T00:00:00Z",
      "count": 6,
      "uniques": 3
    },
    {
      "timestamp": "2022-10-06T00:00:00Z",
      "count": 26,
      "uniques": 4
    },
    {
      "timestamp": "2022-10-08T00:00:00Z",
      "count": 1,
      "uniques": 1
    },
    {
      "timestamp": "2022-10-09T00:00:00Z",
      "count": 134,
      "uniques": 2
    },
    {
      "timestamp": "2022-10-10T00:00:00Z",
      "count": 18,
      "uniques": 1
    },
    {
      "timestamp": "2022-10-11T00:00:00Z",
      "count": 69,
      "uniques": 2
    },
    {
      "timestamp": "2022-10-12T00:00:00Z",
      "count": 293,
      "uniques": 1
    },
    {
      "timestamp": "2022-10-13T00:00:00Z",
      "count": 393,
      "uniques": 1
    },
    {
      "timestamp": "2022-10-14T00:00:00Z",
      "count": 5,
      "uniques": 2
    }
  ]
}
