[
  {
    "path": "/alejandrosantanabonilla/pysoftk",
    "title": "GitHub - alejandrosantanabonilla/pysoftk: Python program for modelling and si...",
    "count": 22,
    "uniques": 14
  },
  {
    "path": "/alejandrosantanabonilla/pysoftk/blob/main/test/test_format_print.py",
    "title": "pysoftk/test/test_format_print.py at main · alejandrosantanabonilla/pysoftk",
    "count": 6,
    "uniques": 1
  },
  {
    "path": "/alejandrosantanabonilla/pysoftk/issues",
    "title": "Issues · alejandrosantanabonilla/pysoftk",
    "count": 4,
    "uniques": 3
  },
  {
    "path": "/alejandrosantanabonilla/pysoftk/tree/main/pysoftk",
    "title": "pysoftk/pysoftk at main · alejandrosantanabonilla/pysoftk · GitHub",
    "count": 4,
    "uniques": 2
  },
  {
    "path": "/alejandrosantanabonilla/pysoftk/issues/5",
    "title": "Failed linear polymerization with Agarose monomer and large, flexible molecul...",
    "count": 3,
    "uniques": 3
  },
  {
    "path": "/alejandrosantanabonilla/pysoftk/blob/main/pysoftk/linear_polymer/linear_polymer.py",
    "title": "pysoftk/pysoftk/linear_polymer/linear_polymer.py at main · alejandrosantanabo...",
    "count": 2,
    "uniques": 1
  },
  {
    "path": "/alejandrosantanabonilla/pysoftk/blob/main/pysoftk/linear_polymer/mol_conformer.py",
    "title": "pysoftk/pysoftk/linear_polymer/mol_conformer.py at main · alejandrosantanabon...",
    "count": 2,
    "uniques": 1
  },
  {
    "path": "/alejandrosantanabonilla/pysoftk/blob/main/pysoftk/linear_polymer/super_monomer.py",
    "title": "pysoftk/pysoftk/linear_polymer/super_monomer.py at main · alejandrosantanabon...",
    "count": 2,
    "uniques": 1
  },
  {
    "path": "/alejandrosantanabonilla/pysoftk/blob/main/pysoftklogo.png",
    "title": "pysoftk/pysoftklogo.png at main · alejandrosantanabonilla/pysoftk · GitHub",
    "count": 2,
    "uniques": 1
  },
  {
    "path": "/alejandrosantanabonilla/pysoftk/tree/main/docs",
    "title": "pysoftk/docs at main · alejandrosantanabonilla/pysoftk · GitHub",
    "count": 2,
    "uniques": 1
  }
]
