{
  "count": 69,
  "uniques": 17,
  "views": [
    {
      "timestamp": "2024-01-16T00:00:00Z",
      "count": 11,
      "uniques": 2
    },
    {
      "timestamp": "2024-01-18T00:00:00Z",
      "count": 13,
      "uniques": 3
    },
    {
      "timestamp": "2024-01-19T00:00:00Z",
      "count": 3,
      "uniques": 2
    },
    {
      "timestamp": "2024-01-20T00:00:00Z",
      "count": 1,
      "uniques": 1
    },
    {
      "timestamp": "2024-01-22T00:00:00Z",
      "count": 1,
      "uniques": 1
    },
    {
      "timestamp": "2024-01-23T00:00:00Z",
      "count": 12,
      "uniques": 4
    },
    {
      "timestamp": "2024-01-24T00:00:00Z",
      "count": 1,
      "uniques": 1
    },
    {
      "timestamp": "2024-01-25T00:00:00Z",
      "count": 4,
      "uniques": 2
    },
    {
      "timestamp": "2024-01-26T00:00:00Z",
      "count": 7,
      "uniques": 2
    },
    {
      "timestamp": "2024-01-28T00:00:00Z",
      "count": 16,
      "uniques": 2
    }
  ]
}
