[
  {
    "path": "/alejandrosantanabonilla/pysoftk",
    "title": "GitHub - alejandrosantanabonilla/pysoftk: Python program for modelling and si...",
    "count": 11,
    "uniques": 8
  },
  {
    "path": "/alejandrosantanabonilla/pysoftk/tree/e5ef07c319c1954baae20584b473c1d182eb61c0",
    "title": "alejandrosantanabonilla/pysoftk at e5ef07c319c1954baae20584b473c1d182eb61c0",
    "count": 9,
    "uniques": 1
  },
  {
    "path": "/alejandrosantanabonilla/pysoftk/tree/main/pysoftk",
    "title": "pysoftk/pysoftk at main · alejandrosantanabonilla/pysoftk · GitHub",
    "count": 6,
    "uniques": 3
  },
  {
    "path": "/alejandrosantanabonilla/pysoftk/tree/e5ef07c319c1954baae20584b473c1d182eb61c0/pysoftk/format_printers",
    "title": "pysoftk/pysoftk/format_printers at e5ef07c319c1954baae20584b473c1d182eb61c0 ·...",
    "count": 4,
    "uniques": 1
  },
  {
    "path": "/alejandrosantanabonilla/pysoftk/tree/main/pysoftk/linear_polymer",
    "title": "pysoftk/pysoftk/linear_polymer at main · alejandrosantanabonilla/pysoftk",
    "count": 3,
    "uniques": 3
  },
  {
    "path": "/alejandrosantanabonilla/pysoftk/blob/e5ef07c319c1954baae20584b473c1d182eb61c0/pysoftk/format_printers/format_mol.py",
    "title": "pysoftk/format_mol.py at e5ef07c319c1954baae20584b473c1d182eb61c0 · alejandro...",
    "count": 3,
    "uniques": 1
  },
  {
    "path": "/alejandrosantanabonilla/pysoftk/tree/e5ef07c319c1954baae20584b473c1d182eb61c0/pysoftk",
    "title": "pysoftk/pysoftk at e5ef07c319c1954baae20584b473c1d182eb61c0 · alejandrosantan...",
    "count": 3,
    "uniques": 1
  },
  {
    "path": "/alejandrosantanabonilla/pysoftk/tree/e5ef07c319c1954baae20584b473c1d182eb61c0/pysoftk/linear_polymer",
    "title": "pysoftk/pysoftk/linear_polymer at e5ef07c319c1954baae20584b473c1d182eb61c0 · ...",
    "count": 3,
    "uniques": 1
  },
  {
    "path": "/alejandrosantanabonilla/pysoftk/tree/e5ef07c319c1954baae20584b473c1d182eb61c0/tests",
    "title": "pysoftk/tests at e5ef07c319c1954baae20584b473c1d182eb61c0 · alejandrosantanab...",
    "count": 3,
    "uniques": 1
  },
  {
    "path": "/alejandrosantanabonilla/pysoftk/blob/main/pysoftk/linear_polymer/linear_polymer.py",
    "title": "pysoftk/linear_polymer.py at main · alejandrosantanabonilla/pysoftk",
    "count": 2,
    "uniques": 2
  }
]
