{
  "count": 80,
  "uniques": 9,
  "views": [
    {
      "timestamp": "2023-04-30T00:00:00Z",
      "count": 8,
      "uniques": 1
    },
    {
      "timestamp": "2023-05-02T00:00:00Z",
      "count": 25,
      "uniques": 4
    },
    {
      "timestamp": "2023-05-03T00:00:00Z",
      "count": 22,
      "uniques": 2
    },
    {
      "timestamp": "2023-05-05T00:00:00Z",
      "count": 15,
      "uniques": 2
    },
    {
      "timestamp": "2023-05-07T00:00:00Z",
      "count": 1,
      "uniques": 1
    },
    {
      "timestamp": "2023-05-11T00:00:00Z",
      "count": 9,
      "uniques": 2
    }
  ]
}
