{
  "count": 16,
  "uniques": 11,
  "clones": [
    {
      "timestamp": "2025-03-17T00:00:00Z",
      "count": 3,
      "uniques": 3
    },
    {
      "timestamp": "2025-03-21T00:00:00Z",
      "count": 1,
      "uniques": 1
    },
    {
      "timestamp": "2025-03-22T00:00:00Z",
      "count": 1,
      "uniques": 1
    },
    {
      "timestamp": "2025-03-25T00:00:00Z",
      "count": 1,
      "uniques": 1
    },
    {
      "timestamp": "2025-03-26T00:00:00Z",
      "count": 4,
      "uniques": 2
    },
    {
      "timestamp": "2025-03-27T00:00:00Z",
      "count": 5,
      "uniques": 2
    },
    {
      "timestamp": "2025-03-28T00:00:00Z",
      "count": 1,
      "uniques": 1
    }
  ]
}
