[
  {
    "referrer": "Google",
    "count": 40,
    "uniques": 8
  },
  {
    "referrer": "nature.com",
    "count": 10,
    "uniques": 1
  },
  {
    "referrer": "github.com",
    "count": 9,
    "uniques": 4
  },
  {
    "referrer": "statics.teams.cdn.office.net",
    "count": 3,
    "uniques": 1
  },
  {
    "referrer": "alejandrosantanabonilla.github.io",
    "count": 2,
    "uniques": 2
  },
  {
    "referrer": "pubs.acs.org",
    "count": 2,
    "uniques": 2
  },
  {
    "referrer": "perplexity.ai",
    "count": 1,
    "uniques": 1
  },
  {
    "referrer": "Bing",
    "count": 1,
    "uniques": 1
  }
]
