{
  "count": 95,
  "uniques": 22,
  "views": [
    {
      "timestamp": "2025-03-17T00:00:00Z",
      "count": 4,
      "uniques": 1
    },
    {
      "timestamp": "2025-03-18T00:00:00Z",
      "count": 24,
      "uniques": 2
    },
    {
      "timestamp": "2025-03-19T00:00:00Z",
      "count": 4,
      "uniques": 2
    },
    {
      "timestamp": "2025-03-20T00:00:00Z",
      "count": 4,
      "uniques": 1
    },
    {
      "timestamp": "2025-03-22T00:00:00Z",
      "count": 4,
      "uniques": 3
    },
    {
      "timestamp": "2025-03-23T00:00:00Z",
      "count": 4,
      "uniques": 3
    },
    {
      "timestamp": "2025-03-24T00:00:00Z",
      "count": 3,
      "uniques": 1
    },
    {
      "timestamp": "2025-03-25T00:00:00Z",
      "count": 4,
      "uniques": 3
    },
    {
      "timestamp": "2025-03-26T00:00:00Z",
      "count": 40,
      "uniques": 5
    },
    {
      "timestamp": "2025-03-27T00:00:00Z",
      "count": 3,
      "uniques": 3
    },
    {
      "timestamp": "2025-03-28T00:00:00Z",
      "count": 1,
      "uniques": 1
    }
  ]
}
