{
  "count": 16,
  "uniques": 4,
  "clones": [
    {
      "timestamp": "2022-11-01T00:00:00Z",
      "count": 10,
      "uniques": 1
    },
    {
      "timestamp": "2022-11-02T00:00:00Z",
      "count": 1,
      "uniques": 1
    },
    {
      "timestamp": "2022-11-03T00:00:00Z",
      "count": 1,
      "uniques": 1
    },
    {
      "timestamp": "2022-11-08T00:00:00Z",
      "count": 1,
      "uniques": 1
    },
    {
      "timestamp": "2022-11-10T00:00:00Z",
      "count": 3,
      "uniques": 2
    }
  ]
}
