{
  "count": 135,
  "uniques": 12,
  "views": [
    {
      "timestamp": "2022-10-31T00:00:00Z",
      "count": 3,
      "uniques": 2
    },
    {
      "timestamp": "2022-11-01T00:00:00Z",
      "count": 48,
      "uniques": 2
    },
    {
      "timestamp": "2022-11-03T00:00:00Z",
      "count": 4,
      "uniques": 1
    },
    {
      "timestamp": "2022-11-04T00:00:00Z",
      "count": 5,
      "uniques": 2
    },
    {
      "timestamp": "2022-11-06T00:00:00Z",
      "count": 40,
      "uniques": 1
    },
    {
      "timestamp": "2022-11-07T00:00:00Z",
      "count": 7,
      "uniques": 2
    },
    {
      "timestamp": "2022-11-08T00:00:00Z",
      "count": 1,
      "uniques": 1
    },
    {
      "timestamp": "2022-11-09T00:00:00Z",
      "count": 9,
      "uniques": 2
    },
    {
      "timestamp": "2022-11-10T00:00:00Z",
      "count": 8,
      "uniques": 4
    },
    {
      "timestamp": "2022-11-11T00:00:00Z",
      "count": 3,
      "uniques": 2
    },
    {
      "timestamp": "2022-11-12T00:00:00Z",
      "count": 3,
      "uniques": 1
    },
    {
      "timestamp": "2022-11-13T00:00:00Z",
      "count": 4,
      "uniques": 1
    }
  ]
}
