{
  "count": 11,
  "uniques": 9,
  "clones": [
    {
      "timestamp": "2023-05-18T00:00:00Z",
      "count": 1,
      "uniques": 1
    },
    {
      "timestamp": "2023-05-20T00:00:00Z",
      "count": 3,
      "uniques": 2
    },
    {
      "timestamp": "2023-05-21T00:00:00Z",
      "count": 2,
      "uniques": 1
    },
    {
      "timestamp": "2023-05-22T00:00:00Z",
      "count": 2,
      "uniques": 2
    },
    {
      "timestamp": "2023-05-23T00:00:00Z",
      "count": 1,
      "uniques": 1
    },
    {
      "timestamp": "2023-05-26T00:00:00Z",
      "count": 1,
      "uniques": 1
    },
    {
      "timestamp": "2023-05-29T00:00:00Z",
      "count": 1,
      "uniques": 1
    }
  ]
}
