{
  "count": 337,
  "uniques": 23,
  "views": [
    {
      "timestamp": "2023-05-16T00:00:00Z",
      "count": 9,
      "uniques": 3
    },
    {
      "timestamp": "2023-05-17T00:00:00Z",
      "count": 48,
      "uniques": 7
    },
    {
      "timestamp": "2023-05-18T00:00:00Z",
      "count": 32,
      "uniques": 5
    },
    {
      "timestamp": "2023-05-19T00:00:00Z",
      "count": 64,
      "uniques": 4
    },
    {
      "timestamp": "2023-05-21T00:00:00Z",
      "count": 1,
      "uniques": 1
    },
    {
      "timestamp": "2023-05-22T00:00:00Z",
      "count": 97,
      "uniques": 5
    },
    {
      "timestamp": "2023-05-23T00:00:00Z",
      "count": 21,
      "uniques": 3
    },
    {
      "timestamp": "2023-05-24T00:00:00Z",
      "count": 43,
      "uniques": 3
    },
    {
      "timestamp": "2023-05-25T00:00:00Z",
      "count": 14,
      "uniques": 2
    },
    {
      "timestamp": "2023-05-28T00:00:00Z",
      "count": 8,
      "uniques": 1
    }
  ]
}
