[
  {
    "path": "/alejandrosantanabonilla/pysoftk",
    "title": "GitHub - alejandrosantanabonilla/pysoftk: Python program for modelling and si...",
    "count": 40,
    "uniques": 23
  },
  {
    "path": "/alejandrosantanabonilla/pysoftk/tree/main/pol_analysis_tutorials",
    "title": "pysoftk/pol_analysis_tutorials at main · alejandrosantanabonilla/pysoftk · Gi...",
    "count": 11,
    "uniques": 5
  },
  {
    "path": "/alejandrosantanabonilla/pysoftk/tree/main/pysoftk",
    "title": "pysoftk/pysoftk at main · alejandrosantanabonilla/pysoftk · GitHub",
    "count": 6,
    "uniques": 2
  },
  {
    "path": "/alejandrosantanabonilla/pysoftk/blob/main/pol_analysis_tutorials/intrinsic_density_tutorial.ipynb",
    "title": "pysoftk/pol_analysis_tutorials/intrinsic_density_tutorial.ipynb at main · ale...",
    "count": 5,
    "uniques": 1
  },
  {
    "path": "/alejandrosantanabonilla/pysoftk/tree/main/docs",
    "title": "pysoftk/docs at main · alejandrosantanabonilla/pysoftk · GitHub",
    "count": 4,
    "uniques": 2
  },
  {
    "path": "/alejandrosantanabonilla/pysoftk/tree/main/docs/source",
    "title": "pysoftk/docs/source at main · alejandrosantanabonilla/pysoftk · GitHub",
    "count": 4,
    "uniques": 2
  },
  {
    "path": "/alejandrosantanabonilla/pysoftk/tree/main/pysoftk/linear_polymer",
    "title": "pysoftk/pysoftk/linear_polymer at main · alejandrosantanabonilla/pysoftk · Gi...",
    "count": 4,
    "uniques": 2
  },
  {
    "path": "/alejandrosantanabonilla/pysoftk/blob/main/pysoftk/linear_polymer/linear_polymer.py",
    "title": "pysoftk/pysoftk/linear_polymer/linear_polymer.py at main · alejandrosantanabo...",
    "count": 4,
    "uniques": 1
  },
  {
    "path": "/alejandrosantanabonilla/pysoftk/actions/workflows/pages/pages-build-deployment",
    "title": "pages-build-deployment · Workflow runs · alejandrosantanabonilla/pysoftk",
    "count": 3,
    "uniques": 1
  },
  {
    "path": "/alejandrosantanabonilla/pysoftk/releases",
    "title": "Releases · alejandrosantanabonilla/pysoftk",
    "count": 3,
    "uniques": 1
  }
]
