{
  "count": 126,
  "uniques": 23,
  "views": [
    {
      "timestamp": "2024-07-01T00:00:00Z",
      "count": 7,
      "uniques": 2
    },
    {
      "timestamp": "2024-07-02T00:00:00Z",
      "count": 18,
      "uniques": 3
    },
    {
      "timestamp": "2024-07-03T00:00:00Z",
      "count": 4,
      "uniques": 1
    },
    {
      "timestamp": "2024-07-05T00:00:00Z",
      "count": 10,
      "uniques": 2
    },
    {
      "timestamp": "2024-07-07T00:00:00Z",
      "count": 3,
      "uniques": 2
    },
    {
      "timestamp": "2024-07-08T00:00:00Z",
      "count": 27,
      "uniques": 7
    },
    {
      "timestamp": "2024-07-09T00:00:00Z",
      "count": 2,
      "uniques": 2
    },
    {
      "timestamp": "2024-07-10T00:00:00Z",
      "count": 2,
      "uniques": 2
    },
    {
      "timestamp": "2024-07-11T00:00:00Z",
      "count": 48,
      "uniques": 6
    },
    {
      "timestamp": "2024-07-12T00:00:00Z",
      "count": 5,
      "uniques": 3
    }
  ]
}
