{
  "count": 131,
  "uniques": 34,
  "clones": [
    {
      "timestamp": "2024-05-31T00:00:00Z",
      "count": 97,
      "uniques": 14
    },
    {
      "timestamp": "2024-06-02T00:00:00Z",
      "count": 2,
      "uniques": 2
    },
    {
      "timestamp": "2024-06-03T00:00:00Z",
      "count": 4,
      "uniques": 4
    },
    {
      "timestamp": "2024-06-05T00:00:00Z",
      "count": 7,
      "uniques": 5
    },
    {
      "timestamp": "2024-06-06T00:00:00Z",
      "count": 9,
      "uniques": 6
    },
    {
      "timestamp": "2024-06-08T00:00:00Z",
      "count": 2,
      "uniques": 2
    },
    {
      "timestamp": "2024-06-09T00:00:00Z",
      "count": 1,
      "uniques": 1
    },
    {
      "timestamp": "2024-06-10T00:00:00Z",
      "count": 5,
      "uniques": 1
    },
    {
      "timestamp": "2024-06-11T00:00:00Z",
      "count": 3,
      "uniques": 3
    },
    {
      "timestamp": "2024-06-12T00:00:00Z",
      "count": 1,
      "uniques": 1
    }
  ]
}
