[
  {
    "path": "/alejandrosantanabonilla/pysoftk",
    "title": "GitHub - alejandrosantanabonilla/pysoftk: Python program for modelling and si...",
    "count": 40,
    "uniques": 17
  },
  {
    "path": "/alejandrosantanabonilla/pysoftk/tree/main/pol_analysis_tutorials",
    "title": "pysoftk/pol_analysis_tutorials at main · alejandrosantanabonilla/pysoftk",
    "count": 9,
    "uniques": 2
  },
  {
    "path": "/alejandrosantanabonilla/pysoftk/tree/main/pysoftk",
    "title": "pysoftk/pysoftk at main · alejandrosantanabonilla/pysoftk",
    "count": 9,
    "uniques": 1
  },
  {
    "path": "/alejandrosantanabonilla/pysoftk/pulse",
    "title": "Pulse · alejandrosantanabonilla/pysoftk",
    "count": 7,
    "uniques": 2
  },
  {
    "path": "/alejandrosantanabonilla/pysoftk/tree/main/.github/workflows",
    "title": "pysoftk/.github/workflows at main · alejandrosantanabonilla/pysoftk · GitHub",
    "count": 7,
    "uniques": 2
  },
  {
    "path": "/alejandrosantanabonilla/pysoftk/actions",
    "title": "Workflow runs · alejandrosantanabonilla/pysoftk",
    "count": 7,
    "uniques": 1
  },
  {
    "path": "/alejandrosantanabonilla/pysoftk/tree/main/test",
    "title": "pysoftk/test at main · alejandrosantanabonilla/pysoftk",
    "count": 6,
    "uniques": 1
  },
  {
    "path": "/alejandrosantanabonilla/pysoftk/tree/main/test/test_pysoftk",
    "title": "pysoftk/test/test_pysoftk at main · alejandrosantanabonilla/pysoftk",
    "count": 6,
    "uniques": 1
  },
  {
    "path": "/alejandrosantanabonilla/pysoftk/releases",
    "title": "Releases · alejandrosantanabonilla/pysoftk · GitHub",
    "count": 5,
    "uniques": 2
  },
  {
    "path": "/alejandrosantanabonilla/pysoftk/releases/tag/v.1.0.1",
    "title": "Release New Docs, polymer analysis · alejandrosantanabonilla/pysoftk",
    "count": 5,
    "uniques": 2
  }
]
