{
  "count": 620,
  "uniques": 17,
  "views": [
    {
      "timestamp": "2024-05-31T00:00:00Z",
      "count": 448,
      "uniques": 1
    },
    {
      "timestamp": "2024-06-01T00:00:00Z",
      "count": 16,
      "uniques": 1
    },
    {
      "timestamp": "2024-06-02T00:00:00Z",
      "count": 16,
      "uniques": 2
    },
    {
      "timestamp": "2024-06-03T00:00:00Z",
      "count": 20,
      "uniques": 2
    },
    {
      "timestamp": "2024-06-05T00:00:00Z",
      "count": 40,
      "uniques": 7
    },
    {
      "timestamp": "2024-06-06T00:00:00Z",
      "count": 15,
      "uniques": 2
    },
    {
      "timestamp": "2024-06-08T00:00:00Z",
      "count": 4,
      "uniques": 3
    },
    {
      "timestamp": "2024-06-10T00:00:00Z",
      "count": 2,
      "uniques": 1
    },
    {
      "timestamp": "2024-06-11T00:00:00Z",
      "count": 8,
      "uniques": 2
    },
    {
      "timestamp": "2024-06-12T00:00:00Z",
      "count": 51,
      "uniques": 3
    }
  ]
}
