[
  {
    "path": "/alejandrosantanabonilla/pysoftk",
    "title": "GitHub - alejandrosantanabonilla/pysoftk: Python program for modelling and si...",
    "count": 24,
    "uniques": 10
  },
  {
    "path": "/alejandrosantanabonilla/pysoftk/tree/main/pysoftk",
    "title": "pysoftk/pysoftk at main · alejandrosantanabonilla/pysoftk · GitHub",
    "count": 9,
    "uniques": 2
  },
  {
    "path": "/alejandrosantanabonilla/pysoftk/tree/main/.github/workflows",
    "title": "pysoftk/.github/workflows at main · alejandrosantanabonilla/pysoftk · GitHub",
    "count": 7,
    "uniques": 1
  },
  {
    "path": "/alejandrosantanabonilla/pysoftk/blob/48e8baf1e08db584a7ee07531af9b67335181363/setup.py",
    "title": "pysoftk/setup.py at 48e8baf1e08db584a7ee07531af9b67335181363 · alejandrosanta...",
    "count": 4,
    "uniques": 1
  },
  {
    "path": "/alejandrosantanabonilla/pysoftk/blob/main/pysoftk/linear_polymer/mol_conformer.py",
    "title": "pysoftk/pysoftk/linear_polymer/mol_conformer.py at main · alejandrosantanabon...",
    "count": 4,
    "uniques": 1
  },
  {
    "path": "/alejandrosantanabonilla/pysoftk/tree/main/pysoftk/folder_manager",
    "title": "pysoftk/pysoftk/folder_manager at main · alejandrosantanabonilla/pysoftk · Gi...",
    "count": 4,
    "uniques": 1
  },
  {
    "path": "/alejandrosantanabonilla/pysoftk/tree/main",
    "title": "alejandrosantanabonilla/pysoftk: Python program for modelling and simulating ...",
    "count": 3,
    "uniques": 1
  },
  {
    "path": "/alejandrosantanabonilla/pysoftk/tree/main/.github",
    "title": "pysoftk/.github at main · alejandrosantanabonilla/pysoftk · GitHub",
    "count": 3,
    "uniques": 1
  },
  {
    "path": "/alejandrosantanabonilla/pysoftk/blob/main/.github/workflows/build_docs.yml",
    "title": "pysoftk/.github/workflows/build_docs.yml at main · alejandrosantanabonilla/py...",
    "count": 2,
    "uniques": 1
  },
  {
    "path": "/alejandrosantanabonilla/pysoftk/blob/main/.github/workflows/conda.yml",
    "title": "pysoftk/.github/workflows/conda.yml at main · alejandrosantanabonilla/pysoftk...",
    "count": 2,
    "uniques": 1
  }
]
