{
  "count": 90,
  "uniques": 14,
  "views": [
    {
      "timestamp": "2024-07-31T00:00:00Z",
      "count": 2,
      "uniques": 1
    },
    {
      "timestamp": "2024-08-01T00:00:00Z",
      "count": 4,
      "uniques": 3
    },
    {
      "timestamp": "2024-08-02T00:00:00Z",
      "count": 4,
      "uniques": 2
    },
    {
      "timestamp": "2024-08-05T00:00:00Z",
      "count": 27,
      "uniques": 1
    },
    {
      "timestamp": "2024-08-06T00:00:00Z",
      "count": 11,
      "uniques": 4
    },
    {
      "timestamp": "2024-08-07T00:00:00Z",
      "count": 3,
      "uniques": 2
    },
    {
      "timestamp": "2024-08-08T00:00:00Z",
      "count": 2,
      "uniques": 2
    },
    {
      "timestamp": "2024-08-09T00:00:00Z",
      "count": 34,
      "uniques": 1
    },
    {
      "timestamp": "2024-08-12T00:00:00Z",
      "count": 1,
      "uniques": 1
    },
    {
      "timestamp": "2024-08-13T00:00:00Z",
      "count": 2,
      "uniques": 2
    }
  ]
}
