{
  "count": 13,
  "uniques": 11,
  "clones": [
    {
      "timestamp": "2024-01-01T00:00:00Z",
      "count": 1,
      "uniques": 1
    },
    {
      "timestamp": "2024-01-02T00:00:00Z",
      "count": 2,
      "uniques": 2
    },
    {
      "timestamp": "2024-01-05T00:00:00Z",
      "count": 1,
      "uniques": 1
    },
    {
      "timestamp": "2024-01-08T00:00:00Z",
      "count": 5,
      "uniques": 4
    },
    {
      "timestamp": "2024-01-11T00:00:00Z",
      "count": 1,
      "uniques": 1
    },
    {
      "timestamp": "2024-01-13T00:00:00Z",
      "count": 3,
      "uniques": 3
    }
  ]
}
