[
  {
    "path": "/alejandrosantanabonilla/pysoftk",
    "title": "GitHub - alejandrosantanabonilla/pysoftk: Python program for modelling and si...",
    "count": 42,
    "uniques": 14
  },
  {
    "path": "/alejandrosantanabonilla/pysoftk/tree/main/pysoftk",
    "title": "pysoftk/pysoftk at main · alejandrosantanabonilla/pysoftk · GitHub",
    "count": 16,
    "uniques": 4
  },
  {
    "path": "/alejandrosantanabonilla/pysoftk/blob/main/docs/source/tutorials/monomer_polymers.rst",
    "title": "pysoftk/docs/source/tutorials/monomer_polymers.rst at main · alejandrosantana...",
    "count": 16,
    "uniques": 2
  },
  {
    "path": "/alejandrosantanabonilla/pysoftk/blob/main/docs/source/tutorials/polymer_cyclic.rst",
    "title": "pysoftk/docs/source/tutorials/polymer_cyclic.rst at main · alejandrosantanabo...",
    "count": 14,
    "uniques": 1
  },
  {
    "path": "/alejandrosantanabonilla/pysoftk/issues",
    "title": "Issues · alejandrosantanabonilla/pysoftk · GitHub",
    "count": 12,
    "uniques": 3
  },
  {
    "path": "/alejandrosantanabonilla/pysoftk/issues/5",
    "title": "Failed linear polymerization with Agarose monomer and large, flexible molecul...",
    "count": 10,
    "uniques": 3
  },
  {
    "path": "/alejandrosantanabonilla/pysoftk/tree/main/test",
    "title": "pysoftk/test at main · alejandrosantanabonilla/pysoftk · GitHub",
    "count": 10,
    "uniques": 3
  },
  {
    "path": "/alejandrosantanabonilla/pysoftk/blob/main/pysoftk/topologies/ring.py",
    "title": "pysoftk/pysoftk/topologies/ring.py at main · alejandrosantanabonilla/pysoftk",
    "count": 8,
    "uniques": 2
  },
  {
    "path": "/alejandrosantanabonilla/pysoftk/blob/undefined/README.md",
    "title": "File not found",
    "count": 8,
    "uniques": 2
  },
  {
    "path": "/alejandrosantanabonilla/pysoftk/tree/main/docs/source/tutorials",
    "title": "pysoftk/docs/source/tutorials at main · alejandrosantanabonilla/pysoftk · Git...",
    "count": 8,
    "uniques": 2
  }
]
