{
  "count": 304,
  "uniques": 16,
  "views": [
    {
      "timestamp": "2023-12-31T00:00:00Z",
      "count": 2,
      "uniques": 2
    },
    {
      "timestamp": "2024-01-02T00:00:00Z",
      "count": 46,
      "uniques": 3
    },
    {
      "timestamp": "2024-01-03T00:00:00Z",
      "count": 14,
      "uniques": 1
    },
    {
      "timestamp": "2024-01-04T00:00:00Z",
      "count": 6,
      "uniques": 2
    },
    {
      "timestamp": "2024-01-05T00:00:00Z",
      "count": 16,
      "uniques": 1
    },
    {
      "timestamp": "2024-01-06T00:00:00Z",
      "count": 1,
      "uniques": 1
    },
    {
      "timestamp": "2024-01-08T00:00:00Z",
      "count": 87,
      "uniques": 4
    },
    {
      "timestamp": "2024-01-09T00:00:00Z",
      "count": 92,
      "uniques": 4
    },
    {
      "timestamp": "2024-01-10T00:00:00Z",
      "count": 31,
      "uniques": 4
    },
    {
      "timestamp": "2024-01-11T00:00:00Z",
      "count": 5,
      "uniques": 4
    },
    {
      "timestamp": "2024-01-12T00:00:00Z",
      "count": 3,
      "uniques": 2
    },
    {
      "timestamp": "2024-01-13T00:00:00Z",
      "count": 1,
      "uniques": 1
    }
  ]
}
