[
  {
    "path": "/alejandrosantanabonilla/pysoftk",
    "title": "GitHub - alejandrosantanabonilla/pysoftk: Python program for modelling and si...",
    "count": 42,
    "uniques": 25
  },
  {
    "path": "/alejandrosantanabonilla/pysoftk/tree/main/pol_analysis_tutorials",
    "title": "pysoftk/pol_analysis_tutorials at main · alejandrosantanabonilla/pysoftk · Gi...",
    "count": 36,
    "uniques": 6
  },
  {
    "path": "/alejandrosantanabonilla/pysoftk/blob/main/pol_analysis_tutorials/RSA_tutorial.ipynb",
    "title": "pysoftk/pol_analysis_tutorials/RSA_tutorial.ipynb at main · alejandrosantanab...",
    "count": 22,
    "uniques": 4
  },
  {
    "path": "/alejandrosantanabonilla/pysoftk/tree/main/pysoftk",
    "title": "pysoftk/pysoftk at main · alejandrosantanabonilla/pysoftk · GitHub",
    "count": 20,
    "uniques": 7
  },
  {
    "path": "/alejandrosantanabonilla/pysoftk/blob/main/pol_analysis_tutorials/spherical_density_tutorial.ipynb",
    "title": "pysoftk/pol_analysis_tutorials/spherical_density_tutorial.ipynb at main · ale...",
    "count": 10,
    "uniques": 2
  },
  {
    "path": "/alejandrosantanabonilla/pysoftk/commits/main",
    "title": "Commits · alejandrosantanabonilla/pysoftk",
    "count": 10,
    "uniques": 1
  },
  {
    "path": "/alejandrosantanabonilla/pysoftk/blob/main/pol_analysis_tutorials/rgyr_mdanalysis_vs_pysoftk.ipynb",
    "title": "pysoftk/pol_analysis_tutorials/rgyr_mdanalysis_vs_pysoftk.ipynb at main · ale...",
    "count": 9,
    "uniques": 4
  },
  {
    "path": "/alejandrosantanabonilla/pysoftk/blob/main/pol_analysis_tutorials/SCP_tutorial.ipynb",
    "title": "pysoftk/pol_analysis_tutorials/SCP_tutorial.ipynb at main · alejandrosantanab...",
    "count": 8,
    "uniques": 4
  },
  {
    "path": "/alejandrosantanabonilla/pysoftk/tree/main/pysoftk/pol_analysis",
    "title": "pysoftk/pysoftk/pol_analysis at main · alejandrosantanabonilla/pysoftk",
    "count": 8,
    "uniques": 3
  },
  {
    "path": "/alejandrosantanabonilla/pysoftk/commits",
    "title": "Commits · alejandrosantanabonilla/pysoftk",
    "count": 7,
    "uniques": 2
  }
]
