{
  "count": 252,
  "uniques": 39,
  "views": [
    {
      "timestamp": "2024-08-17T00:00:00Z",
      "count": 2,
      "uniques": 1
    },
    {
      "timestamp": "2024-08-19T00:00:00Z",
      "count": 59,
      "uniques": 1
    },
    {
      "timestamp": "2024-08-20T00:00:00Z",
      "count": 50,
      "uniques": 8
    },
    {
      "timestamp": "2024-08-21T00:00:00Z",
      "count": 90,
      "uniques": 15
    },
    {
      "timestamp": "2024-08-22T00:00:00Z",
      "count": 12,
      "uniques": 4
    },
    {
      "timestamp": "2024-08-23T00:00:00Z",
      "count": 4,
      "uniques": 4
    },
    {
      "timestamp": "2024-08-24T00:00:00Z",
      "count": 5,
      "uniques": 2
    },
    {
      "timestamp": "2024-08-25T00:00:00Z",
      "count": 1,
      "uniques": 1
    },
    {
      "timestamp": "2024-08-26T00:00:00Z",
      "count": 13,
      "uniques": 3
    },
    {
      "timestamp": "2024-08-27T00:00:00Z",
      "count": 3,
      "uniques": 2
    },
    {
      "timestamp": "2024-08-28T00:00:00Z",
      "count": 4,
      "uniques": 1
    },
    {
      "timestamp": "2024-08-29T00:00:00Z",
      "count": 9,
      "uniques": 4
    }
  ]
}
