{
  "count": 10,
  "uniques": 8,
  "clones": [
    {
      "timestamp": "2022-10-18T00:00:00Z",
      "count": 2,
      "uniques": 1
    },
    {
      "timestamp": "2022-10-22T00:00:00Z",
      "count": 1,
      "uniques": 1
    },
    {
      "timestamp": "2022-10-24T00:00:00Z",
      "count": 1,
      "uniques": 1
    },
    {
      "timestamp": "2022-10-27T00:00:00Z",
      "count": 4,
      "uniques": 3
    },
    {
      "timestamp": "2022-10-30T00:00:00Z",
      "count": 2,
      "uniques": 2
    }
  ]
}
