[
  {
    "path": "/alejandrosantanabonilla/pysoftk",
    "title": "GitHub - alejandrosantanabonilla/pysoftk: Python program for modelling and si...",
    "count": 32,
    "uniques": 5
  },
  {
    "path": "/alejandrosantanabonilla/pysoftk/tree/main/pysoftk",
    "title": "pysoftk/pysoftk at main · alejandrosantanabonilla/pysoftk · GitHub",
    "count": 22,
    "uniques": 4
  },
  {
    "path": "/alejandrosantanabonilla/pysoftk/tree/main/pysoftk/htp_tools",
    "title": "pysoftk/pysoftk/htp_tools at main · alejandrosantanabonilla/pysoftk · GitHub",
    "count": 8,
    "uniques": 3
  },
  {
    "path": "/alejandrosantanabonilla/pysoftk/tree/main/pysoftk/topologies",
    "title": "pysoftk/pysoftk/topologies at main · alejandrosantanabonilla/pysoftk · GitHub",
    "count": 8,
    "uniques": 2
  },
  {
    "path": "/alejandrosantanabonilla/pysoftk/tree/main/test",
    "title": "pysoftk/test at main · alejandrosantanabonilla/pysoftk · GitHub",
    "count": 7,
    "uniques": 3
  },
  {
    "path": "/alejandrosantanabonilla/pysoftk/blob/main/pysoftk/htp_tools/calculator_htp.py",
    "title": "pysoftk/calculator_htp.py at main · alejandrosantanabonilla/pysoftk · GitHub",
    "count": 6,
    "uniques": 3
  },
  {
    "path": "/alejandrosantanabonilla/pysoftk/tree/main/pysoftk/linear_polymer",
    "title": "pysoftk/pysoftk/linear_polymer at main · alejandrosantanabonilla/pysoftk",
    "count": 4,
    "uniques": 1
  },
  {
    "path": "/alejandrosantanabonilla/pysoftk/tree/main/.github/workflows",
    "title": "pysoftk/.github/workflows at main · alejandrosantanabonilla/pysoftk · GitHub",
    "count": 3,
    "uniques": 2
  },
  {
    "path": "/alejandrosantanabonilla/pysoftk/tree/stats",
    "title": "GitHub - alejandrosantanabonilla/pysoftk at stats",
    "count": 3,
    "uniques": 2
  },
  {
    "path": "/alejandrosantanabonilla/pysoftk/blob/main/pysoftk/topologies/ranpol.py",
    "title": "pysoftk/ranpol.py at main · alejandrosantanabonilla/pysoftk",
    "count": 3,
    "uniques": 1
  }
]
