{
  "count": 135,
  "uniques": 6,
  "views": [
    {
      "timestamp": "2022-10-16T00:00:00Z",
      "count": 3,
      "uniques": 1
    },
    {
      "timestamp": "2022-10-17T00:00:00Z",
      "count": 13,
      "uniques": 1
    },
    {
      "timestamp": "2022-10-18T00:00:00Z",
      "count": 19,
      "uniques": 2
    },
    {
      "timestamp": "2022-10-19T00:00:00Z",
      "count": 8,
      "uniques": 1
    },
    {
      "timestamp": "2022-10-20T00:00:00Z",
      "count": 14,
      "uniques": 1
    },
    {
      "timestamp": "2022-10-21T00:00:00Z",
      "count": 1,
      "uniques": 1
    },
    {
      "timestamp": "2022-10-23T00:00:00Z",
      "count": 3,
      "uniques": 1
    },
    {
      "timestamp": "2022-10-24T00:00:00Z",
      "count": 10,
      "uniques": 1
    },
    {
      "timestamp": "2022-10-25T00:00:00Z",
      "count": 9,
      "uniques": 1
    },
    {
      "timestamp": "2022-10-26T00:00:00Z",
      "count": 13,
      "uniques": 1
    },
    {
      "timestamp": "2022-10-27T00:00:00Z",
      "count": 24,
      "uniques": 2
    },
    {
      "timestamp": "2022-10-28T00:00:00Z",
      "count": 11,
      "uniques": 1
    },
    {
      "timestamp": "2022-10-29T00:00:00Z",
      "count": 7,
      "uniques": 1
    }
  ]
}
