{
  "count": 18,
  "uniques": 12,
  "clones": [
    {
      "timestamp": "2024-02-29T00:00:00Z",
      "count": 4,
      "uniques": 2
    },
    {
      "timestamp": "2024-03-01T00:00:00Z",
      "count": 1,
      "uniques": 1
    },
    {
      "timestamp": "2024-03-04T00:00:00Z",
      "count": 4,
      "uniques": 3
    },
    {
      "timestamp": "2024-03-08T00:00:00Z",
      "count": 4,
      "uniques": 2
    },
    {
      "timestamp": "2024-03-09T00:00:00Z",
      "count": 2,
      "uniques": 2
    },
    {
      "timestamp": "2024-03-11T00:00:00Z",
      "count": 1,
      "uniques": 1
    },
    {
      "timestamp": "2024-03-13T00:00:00Z",
      "count": 2,
      "uniques": 2
    }
  ]
}
