[
  {
    "path": "/alejandrosantanabonilla/pysoftk",
    "title": "GitHub - alejandrosantanabonilla/pysoftk: Python program for modelling and si...",
    "count": 69,
    "uniques": 34
  },
  {
    "path": "/alejandrosantanabonilla/pysoftk/tree/main/pysoftk",
    "title": "pysoftk/pysoftk at main · alejandrosantanabonilla/pysoftk · GitHub",
    "count": 26,
    "uniques": 2
  },
  {
    "path": "/alejandrosantanabonilla/pysoftk/tree/main/test",
    "title": "pysoftk/test at main · alejandrosantanabonilla/pysoftk · GitHub",
    "count": 7,
    "uniques": 2
  },
  {
    "path": "/alejandrosantanabonilla/pysoftk/tree/main/docs",
    "title": "pysoftk/docs at main · alejandrosantanabonilla/pysoftk · GitHub",
    "count": 6,
    "uniques": 3
  },
  {
    "path": "/alejandrosantanabonilla/pysoftk/issues",
    "title": "Issues · alejandrosantanabonilla/pysoftk · GitHub",
    "count": 5,
    "uniques": 2
  },
  {
    "path": "/alejandrosantanabonilla/pysoftk/tree/main/pysoftk/folder_manager",
    "title": "pysoftk/pysoftk/folder_manager at main · alejandrosantanabonilla/pysoftk",
    "count": 5,
    "uniques": 1
  },
  {
    "path": "/alejandrosantanabonilla/pysoftk/blob/main/pysoftk/tools/__init__.py",
    "title": "pysoftk/pysoftk/tools/__init__.py at main · alejandrosantanabonilla/pysoftk",
    "count": 4,
    "uniques": 2
  },
  {
    "path": "/alejandrosantanabonilla/pysoftk/blob/main/setup.py",
    "title": "pysoftk/setup.py at main · alejandrosantanabonilla/pysoftk · GitHub",
    "count": 4,
    "uniques": 2
  },
  {
    "path": "/alejandrosantanabonilla/pysoftk/blob/main/pysoftk/format_printers/format_mol.py",
    "title": "pysoftk/pysoftk/format_printers/format_mol.py at main · alejandrosantanabonil...",
    "count": 4,
    "uniques": 1
  },
  {
    "path": "/alejandrosantanabonilla/pysoftk/blob/main/pysoftk/format_printers/__init__.py",
    "title": "pysoftk/pysoftk/format_printers/__init__.py at main · alejandrosantanabonilla...",
    "count": 4,
    "uniques": 1
  }
]
