{
  "count": 233,
  "uniques": 39,
  "views": [
    {
      "timestamp": "2024-02-29T00:00:00Z",
      "count": 30,
      "uniques": 2
    },
    {
      "timestamp": "2024-03-01T00:00:00Z",
      "count": 14,
      "uniques": 2
    },
    {
      "timestamp": "2024-03-02T00:00:00Z",
      "count": 1,
      "uniques": 1
    },
    {
      "timestamp": "2024-03-03T00:00:00Z",
      "count": 1,
      "uniques": 1
    },
    {
      "timestamp": "2024-03-04T00:00:00Z",
      "count": 27,
      "uniques": 6
    },
    {
      "timestamp": "2024-03-05T00:00:00Z",
      "count": 3,
      "uniques": 3
    },
    {
      "timestamp": "2024-03-06T00:00:00Z",
      "count": 13,
      "uniques": 7
    },
    {
      "timestamp": "2024-03-07T00:00:00Z",
      "count": 40,
      "uniques": 8
    },
    {
      "timestamp": "2024-03-08T00:00:00Z",
      "count": 17,
      "uniques": 3
    },
    {
      "timestamp": "2024-03-09T00:00:00Z",
      "count": 7,
      "uniques": 5
    },
    {
      "timestamp": "2024-03-10T00:00:00Z",
      "count": 28,
      "uniques": 4
    },
    {
      "timestamp": "2024-03-11T00:00:00Z",
      "count": 3,
      "uniques": 3
    },
    {
      "timestamp": "2024-03-12T00:00:00Z",
      "count": 15,
      "uniques": 5
    },
    {
      "timestamp": "2024-03-13T00:00:00Z",
      "count": 34,
      "uniques": 3
    }
  ]
}
