[
  {
    "path": "/alejandrosantanabonilla/pysoftk",
    "title": "GitHub - alejandrosantanabonilla/pysoftk: Python program for modelling and si...",
    "count": 90,
    "uniques": 11
  },
  {
    "path": "/alejandrosantanabonilla/pysoftk/actions",
    "title": "Actions · alejandrosantanabonilla/pysoftk",
    "count": 28,
    "uniques": 2
  },
  {
    "path": "/alejandrosantanabonilla/pysoftk/tree/stats/.github/workflows",
    "title": "pysoftk/.github/workflows at stats · alejandrosantanabonilla/pysoftk",
    "count": 17,
    "uniques": 1
  },
  {
    "path": "/alejandrosantanabonilla/pysoftk/tree/main/pysoftk",
    "title": "pysoftk/pysoftk at main · alejandrosantanabonilla/pysoftk · GitHub",
    "count": 16,
    "uniques": 2
  },
  {
    "path": "/alejandrosantanabonilla/pysoftk/tree/stats",
    "title": "alejandrosantanabonilla/pysoftk at stats",
    "count": 16,
    "uniques": 1
  },
  {
    "path": "/alejandrosantanabonilla/pysoftk/blob/main/README.md",
    "title": "pysoftk/README.md at main · alejandrosantanabonilla/pysoftk",
    "count": 14,
    "uniques": 1
  },
  {
    "path": "/alejandrosantanabonilla/pysoftk/actions/workflows/pyci.yml",
    "title": "Actions · alejandrosantanabonilla/pysoftk",
    "count": 11,
    "uniques": 1
  },
  {
    "path": "/alejandrosantanabonilla/pysoftk/blob/stats/.github/workflows/stats.yml",
    "title": "pysoftk/stats.yml at stats · alejandrosantanabonilla/pysoftk",
    "count": 11,
    "uniques": 1
  },
  {
    "path": "/alejandrosantanabonilla/pysoftk/tree/main/.github/workflows",
    "title": "pysoftk/.github/workflows at main · alejandrosantanabonilla/pysoftk · GitHub",
    "count": 10,
    "uniques": 2
  },
  {
    "path": "/alejandrosantanabonilla/pysoftk/tree/main/pysoftk/linear_polymer",
    "title": "pysoftk/pysoftk/linear_polymer at main · alejandrosantanabonilla/pysoftk · Gi...",
    "count": 10,
    "uniques": 2
  }
]
